Id,Label,Type,Image
0,3afb9a41c571eba35fd05dd03da5864baeeff94e,ภัยจากการคมนาคมขนส่ง,0.jpg
1,67256315b4bd20002f94f306944dc460606b3e0a,ภัยจากการคมนาคมขนส่ง,1.jpg
2,a683fe40bc8a8e3d5cdd11c1f9d6c6e8b65cc515,ภัยจากการคมนาคมขนส่ง,2.jpg
3,a44fbed49814a46ebb1c77ea7a0f20bfe2493bf8,ภัยอื่นๆ,3.jpg
4,fb5febabfdaa9d8a23e6ae4793d16db523780845,ภัยทางถนน,4.jpg
5,4f88f37a1a7349fe9281807a5ad9a44ef484e453,ภัยจากการคมนาคมขนส่ง,5.jpg
6,580158700d047e62ec29eba231acd01471a7ada7,ภัยทางถนน,6.jpg
7,22f8d89d81b548ad5ac31a72c1c8f685d5deae0f,ไฟป่า,7.jpg
8,6b98a5560e5bed6dfe6df10142124d901c445066,ภัยจากการคมนาคมขนส่ง,8.jpg
9,01c1dd045c6c9bf726ae779cfa9eec4ae57a7f4d,วาตภัย,9.jpg
10,18ffea1863f03ffe565f9627261f1167cc4eef12,ภัยอื่นๆ,10.jpg
11,be8d09a5f307d92297d2a053c6dc33f4dfe771f4,ภัยอื่นๆ,11.jpg
12,b60760c5ca12aecae75bb72f0e55bc2dd63ea656,ภัยอื่นๆ,12.jpg
13,83de3adcde013ffb71d0c00f22553cf52a6c5f9f,วาตภัย,13.jpg
14,4c0a6e17986e9675e8f71142d52feca0fa66581d,ภัยอื่นๆ,14.jpg
15,78c1d43629625df33d1d085b32c2cae786f2e448,ภัยอื่นๆ,15.jpg
16,ec3d96f839012b9af4a03945791a17acc37da3c9,ภัยทางถนน,16.jpg
17,182414a5cd67d0ce95976d5b70cf7a6980c89e6d,ภัยอื่นๆ,17.jpg
18,2a77c8d02f90b4947df853f989f2e78f7bbb9862,วาตภัย,18.jpg
19,2405205593ecd4705a918004117aa46a325e2d6f,ไฟป่า,19.jpg
20,68bbd6068cdc1ba558f2e3fa8910e4af34fd25c1,วาตภัย,20.jpg
21,0ae6b1e0b1123ef21cebebb50b3315c049a17fb7,ภัยอื่นๆ,21.jpg
22,21d41926ba5fd25150430b7ed674bba2a1e384dc,ภัยอื่นๆ,22.jpg
23,5bb9bb35cf031539bc3c7df367f34558bcb0b915,ภัยจากการคมนาคมขนส่ง,23.jpg
24,952b4bfef45be6eb4aa7f0038e8529ef3a2e54dc,วาตภัย,24.jpg
25,41c4c1f52b23cdc04d6356f4635329ac9d17cecc,อัคคีภัย,25.jpg
26,9c06b6375d8716645b0e43b1149778b47dae2c37,ภัยทางถนน,26.jpg
27,b8d92bce988124b9193268899c57de481ef8445b,วาตภัย,27.jpg
28,60bf6b2d1eafb642f6e3ada90ea68738866f47d6,อุทกภัย,28.jpg
29,c02706b2dd442b6026c8291f6c8bdb1c31f0295f,อัคคีภัย,29.jpg
30,f8782b5c55f7c13628b76111565abfc48e0f17be,ภัยอื่นๆ,30.jpg
31,43cffed9b32dc5ca32fedd1510a6598e8030873d,ภัยอื่นๆ,31.jpg
32,78e662d72dd856a6d1367e324224ac3da992fd03,อุทกภัย,32.jpg
33,e00d3f61fc35e63d69e50dbf8323d42c51351b66,ภัยอื่นๆ,33.jpg
34,91806c53b52465f2931c9f885eba9c9deb81bd94,อัคคีภัย,34.jpg
35,0feafe0fd2c0b4947351cd60eff2059f86ac238b,ภัยอื่นๆ,35.jpg
36,347cb85601a16bf6d4d83f9923a5b54e350078c9,ไฟป่า,36.jpg
37,b9846a3fad86edc226288426abadeaba45b97899,วัตถุอันตราย,37.jpg
38,02addbddc53cfdc7b18f0530dcd3382d284831f7,ภัยอื่นๆ,38.jpg
39,80e025a1b7739bd81d11c56d73b2c7fc150d73be,ไฟป่า,39.jpg
40,44a4f59517b6b865a9218bf583cd65b2e411b0e4,ภัยจากการก่อความไม่สงบ,40.jpg
41,e5bd9ee088936c63b127b3c2b5232a5a3fa2cc4d,ภัยอื่นๆ,41.jpg
42,faaf4b08c5a069ecd650ecff05fba4f1d39aea8f,วัตถุอันตราย,42.jpg
43,c570f6be8e04d7a4f82270196e7b32e64510a751,วัตถุอันตราย,43.jpg
44,430eec13bc87dc5b3e51e0233d532022e8ddab47,อุทกภัย,44.jpg
45,a45f2c0564aaaa25827bacee3d3f48ceb744f312,อัคคีภัย,45.jpg
46,cc5bbceb7fe802b2fe4d9f81a1db5ae196b83d69,ภัยอื่นๆ,46.jpg
47,1e142ef903247b5d52d6e2238bbe04b3a355477e,อัคคีภัย,47.jpg
48,b7a42486a71c4b26687a02cd978e0bcdd9e8816f,อัคคีภัย,48.jpg
49,ffb9afa8655d1feb204a69e4e0eeb8c356374f9d,อัคคีภัย,49.jpg
50,73a47d9c88fee91ee1e9c83f9353b927935a7be9,อัคคีภัย,50.jpg
51,c6b0211ba341ee27ad6ef301d1355fb5e1bdd5c2,ภัยอื่นๆ,51.jpg
52,af6ffc88e54c5b845028a72d8698f313396063f4,ภัยทางถนน,52.jpg
53,2f7fd0ed520728e4d9efb5c24cbf8739723aa331,ภัยอื่นๆ,53.jpg
54,ab2abfce993527ffeb8653690b4d16b6783f34e9,ภัยอื่นๆ,54.jpg
55,404fccf36da96e4c451d18a343a0ee90d1eb17b6,ภัยอื่นๆ,55.jpg
56,c49ce55e0440e7dcea67c122f6f313ba4fc7bf1e,ภัยอื่นๆ,56.jpg
57,fd9d6aa12f138d1ea588a1204b61622b7d089ff1,ภัยอื่นๆ,57.jpg
58,627c950aa309bfe679bc96c8cb15c2874aad4212,ภัยอื่นๆ,58.jpg
59,6d5c6260b254859911111400fb5fce101efc43f6,ภัยอื่นๆ,59.jpg
60,3b2acf9ca2a188c269c29490401072d940140d95,ภัยทางถนน,60.jpg
61,ee25e66b302aca73b14045236a56043c38f17daa,อุทกภัย,61.jpg
62,0ce46f614dd3f08ac2ec159ac38cc4b2302e2131,ภัยอื่นๆ,62.jpg
63,f428bd70510ddfd4161f8506d94cb32c052efe87,ภัยอื่นๆ,63.jpg
64,d9b18c8a22cbafb39547504b9cf2075f44285377,ภัยอื่นๆ,64.jpg
65,4ec131d815d04a3de04e6457985076b355caa589,ภัยทางถนน,65.jpg
66,0ed756b17997168c676ecf3919897e53c1b11197,ภัยอื่นๆ,66.jpg
67,b0b4a0498d0811e104cddfbd2bcfe0a4a0a4b263,ภัยอื่นๆ,67.jpg
68,358224ff0c65a60b7a2fae7888863a7a1a2c4e68,ภัยอื่นๆ,68.jpg
69,0eff4d581b5e0da910c3a8be10c3a62bddc39d2a,ภัยอื่นๆ,69.jpg
70,4bc55231a228df0400b14efa4a7920ccffa81732,ภัยอื่นๆ,70.jpg
71,a877146ff2c4d26f27f0b706d3d24842bcfb6a7d,ภัยอื่นๆ,71.jpg
72,55d8f2cdcf95cd9b78bfc6d2e4d26bb29e698006,ภัยอื่นๆ,72.jpg
73,6bec84d3a8f3030f365403578c1b98d734160cdd,ภัยอื่นๆ,73.jpg
74,44dde88eec0dfea942ae541789c6704d2c4d386b,ภัยอื่นๆ,74.jpg
75,b390a76bb9070ee07b3b234a19c82fa491ad98ba,ภัยอื่นๆ,75.jpg
76,c5c8709df462891d293af215ae1ab19055fd41c5,ภัยอื่นๆ,76.jpg
77,3cf55e57278cbee40a523be64b98e94a9bcee63f,ภัยทางถนน,77.jpg
78,44b08996263dbc5e204f7c859e06e1e7352a942e,ภัยทางถนน,78.jpg
79,1c0adb128c2cb78a5ef72367818302dfd6abf743,ภัยอื่นๆ,79.jpg
80,c9cf3053fc452e6b0b08ac42861b4d9d66fe9f51,ไฟป่า,80.jpg
81,d9ef451e15d9d879961615f6909227baa772a3c2,ภัยอื่นๆ,81.jpg
82,f8d428a907fbd31234cf16412408dea50886b2b5,ไฟป่า,82.jpg
83,671130ff1f11e69e897ae3e30c9f7debc14fbc4e,ภัยทางถนน,83.jpg
84,0af8f836ff32d81267ea0dd00bff07b71b9be721,ภัยอื่นๆ,84.jpg
85,4550ccd1fd70314a778236ebe9bd0278840e43ad,ไฟป่า,85.jpg
86,aabad2d0da14d2e22416df74b4f74bf196c287b8,ภัยทางถนน,86.jpg
87,2660ac4ca6e82885000bed574e5dc51236c9c198,ไฟป่า,87.jpg
88,f1bae4d01234e49131b0204001c98b438ce1d3ce,ภัยอื่นๆ,88.jpg
89,783f0744061ac64097677e9bfc2e3f520d3a74d4,ภัยอื่นๆ,89.jpg
90,21ff8a3495d201e5f7bad95a87ad9a7990b28448,ภัยอื่นๆ,90.jpg
91,441af47ed8d653a3a98229644005f2dc9bd83906,ภัยอื่นๆ,91.jpg
92,478ddb78f669fc0862f4fbdf61bddd64b0e27957,ภัยทางถนน,92.jpg
93,c81b5edc0efc3e280448d5f7292662f6de3e2c24,ภัยอื่นๆ,93.jpg
94,1d8b1d60ea5c7dd631d109547db24a4dfc539c1b,ภัยอื่นๆ,94.jpg
95,067a4ce6b9359a39bc9e9a162bab7317624c6aaf,ภัยอื่นๆ,95.jpg
96,bfc07b3026beef8d174092c285837f1a8b44f1b7,ภัยอื่นๆ,96.jpg
97,c05241b1ba660507655176a74455fdd65b318707,ภัยอื่นๆ,97.jpg
98,2f287b3e6f766dfa660a60700096e8a9a51b5fd2,ภัยอื่นๆ,98.jpg
99,c9c4754673c97863307917c715844126c38fb207,ภัยอื่นๆ,99.jpg
100,2fb8062b7b573fb2ef4bb1a6db35e1e3d70f07aa,ภัยอื่นๆ,100.jpg
101,dac019bdb1d9d4ac5190d797692c82e8accd95c2,ภัยทางถนน,101.jpg
102,2122f6a2bbc54824885a3c324d37c26e4676009e,ภัยอื่นๆ,102.jpg
103,761cc4bf4da02bf57a3dfacca2faada3f1fb7a1a,ภัยอื่นๆ,103.jpg
104,378636b1d05d66b27b44184699ffb5b9772cfb10,ภัยอื่นๆ,104.jpg
105,92b7e85b259bb9345396fd5f9d9e1dfb2ed288f0,ภัยอื่นๆ,105.jpg
106,0b75ab583f7544aca7b7937d9bb9790798ff9718,ภัยอื่นๆ,106.jpg
107,78064b3a96b01f70ff36a63c40c7d4bc5449fa30,ภัยอื่นๆ,107.jpg
108,5dec9752908696435b151e5b7b6313db742e00bc,ภัยอื่นๆ,108.jpg
109,848ab682cd69819cb766bad93bab646f25b96391,ภัยอื่นๆ,109.jpg
110,f529953faac0408fc554b7303c7526acea5fbc40,ภัยอื่นๆ,110.jpg
111,2864935527efa94db05e039d0476644232b74372,อุทกภัย,111.jpg
112,3b2d3ab3849fc6d28c0d78cc16ea80eeb3d76faa,ภัยอื่นๆ,112.jpg
113,c2d18e8c20d46a3e7f4b3d3c6d2594fa52eac0de,ภัยอื่นๆ,113.jpg
114,f289979b7fa552326f05039240dde9e79498efb9,อุทกภัย,114.jpg
115,a287fa6c179e476532796f36c70738dbe0225133,อัคคีภัย,115.jpg
116,b6a4ceefc2fb62ea8aa2158fc9edce3819ecb788,อัคคีภัย,116.jpg
117,d43e0aa9d6713d58610dd5415aff04389722436f,ภัยอื่นๆ,117.jpg
118,afb213e380ebf96cf9dc08d607529f6613759cab,ภัยอื่นๆ,118.jpg
119,44024a2b71ca7aed1b22d84002d32eb27036c7e5,ภัยอื่นๆ,119.jpg
120,d07ca91a3c47e938d593962bce13ec6d81e85992,อุทกภัย,120.jpg
121,9fa13b4c47c26cbfcbdef9d87a29612ffa022882,ภัยอื่นๆ,121.jpg
122,91e97eb78b41c9e26b6a20bf9730631ab05e6287,ภัยอื่นๆ,122.jpg
123,6c2ae78a46c3e870976d330baa18cbe5e32c0b87,ภัยอื่นๆ,123.jpg
124,a05a039b98981a54be7beffcebfddc8cc7bd8168,ไฟป่า,124.jpg
125,0b06d2be1cd146c1e5049b8876b25d9675991973,ภัยอื่นๆ,125.jpg
126,b762822baea96b007c9c079eff2068ff68d5e3a6,ภัยอื่นๆ,126.jpg
127,680129260e7627bf99d73ee323f861ab1431a3d5,ภัยอื่นๆ,127.jpg
128,3a389e825f5873cc896426875a34fe314b0ceb7b,ภัยอื่นๆ,128.jpg
129,780918c258a32852f90c0dd3b740484d5eb9dbda,ไฟป่า,129.jpg
130,558d0bcdaecfa7a345383c793c5dc2b2cdf55b85,ภัยอื่นๆ,130.jpg
131,19f8fd31e9ac5f406611fec94e94c7e9ca6130d9,ภัยจากการคมนาคมขนส่ง,131.jpg
132,8e4d13c5faba7e898f86613bfc8293f8ee763ce0,ภัยอื่นๆ,132.jpg
133,d67b3f1ec4cc6b45ec9b6597c4bfd6ee75166c90,ภัยจากการคมนาคมขนส่ง,133.jpg
134,f312c5f260830a2c3dcd8633c9e373080e881927,ไฟป่า,134.jpg
135,2e2516aacd9c0ef7da6d7423a1602d3cf89e4aeb,ภัยอื่นๆ,135.jpg
136,2f9f07a14651275b2b1eae6eb970efa6ee7633b0,ภัยอื่นๆ,136.jpg
137,38b07ee8497e7feac1ab263de9e38874a1a763a4,ภัยอื่นๆ,137.jpg
138,156fd657220bef76476d999fa123b72be4ba23e3,อุทกภัย,138.jpg
139,00957858418fe96a50b7ba41ab48cfec51b27fcb,ภัยอื่นๆ,139.jpg
140,467b126f056f7249f4bc40cf15097c9495fef658,ภัยจากการคมนาคมขนส่ง,140.jpg
141,ce359280e5d504cf1c2544efbd5b0c9961b9b31c,อุทกภัย,141.jpg
142,c73afaa6adb1322494ee2bcef16d107ce2dfba18,อุทกภัย,142.jpg
143,b147773e8935e1695b83d201df46d3014d2de6b0,ภัยอื่นๆ,143.jpg
144,fceab76e5c48de2793e5a809e70333d228b53a2d,อุทกภัย,144.jpg
145,34321a07cb945b01f3a7a5b3f2c47fbba6a14384,ภัยทางถนน,145.jpg
146,d40ed1ed3a90a989a01a2030eed18d50ea3a6721,ภัยทางถนน,146.jpg
147,65387283b430c1a460090dc45808b4aefac404b6,ภัยทางถนน,147.jpg
148,74ad2f63707db8249fe90f8e46a975354faf896a,ภัยทางถนน,148.jpg
149,0a75bc0b476413c890bb734679aece70019bc11a,ภัยทางถนน,149.jpg
150,b0866c27519bc3f98d4369386bbcd9d7116e4acd,ภัยอื่นๆ,150.jpg
151,37bdca77e265efc8aedbc25d7e7e137f6d39947f,ภัยอื่นๆ,151.jpg
152,721597b41a69a0c6ee41750dc3cb51af09d7e4ab,ภัยอื่นๆ,152.jpg
153,c4647dcbbb561678366f915ade625ce3038528cb,อุทกภัย,153.jpg
154,1f73683841e685bca714e72d7bc8cf9757cd9aed,ภัยจากการคมนาคมขนส่ง,154.jpg
155,f2fde78dc63051515f6e4ca1c33bcf071ef06290,ภัยจากการคมนาคมขนส่ง,155.jpg
156,917bc0d40e35d0f2fd4727e5b83f445549985a91,ภัยทางถนน,156.jpg
157,f093243a2c2ac9ed9bdf77bcb7d3e4e1fa4faf51,ภัยทางถนน,157.jpg
158,493926e3fe0e57dcb240551308282722ab2acf1c,ภัยอื่นๆ,158.jpg
159,1164d4eeb70ede049fd7ac18d6c439282f4d29de,อุทกภัย,159.jpg
160,d61129b4289b672521477d589ec04806eca9d4ac,อุทกภัย,160.jpg
161,f95f4ed4da9bce346925c8930debc0a25e48966f,ภัยอื่นๆ,161.jpg
162,bd7228d9839a65806c28f6f32c4afb4b4270ab2f,อุทกภัย,162.jpg
163,b1f01cdd36a05a790eed67a60f952874dbcf07a1,ภัยอื่นๆ,163.jpg
164,e8edee96246de0f84794a18b81ebec51aa6d3bbf,ภัยทางถนน,164.jpg
165,5bb6bb40b5d53d007282e75f196a24db239624d8,อุทกภัย,165.jpg
166,e6eff4ee07ae3d1a17f96fa63f56250b628684d6,ภัยอื่นๆ,166.jpg
167,16e0cbff7e4dfb121f276e52bd64c92c74b349b6,ภัยอื่นๆ,167.jpg
168,a67d115ef8414726c2efbdf47f0406779af7326c,อุทกภัย,168.jpg
169,06e22cb37ec145b9926a6f5ecac06a88bfda2586,ภัยอื่นๆ,169.jpg
170,5859eabd3442fc96ad043b7d300886a36d14d79d,ภัยทางถนน,170.jpg
171,7056bc9e0aaca65d887086b9a58b8baeb93d4ca0,ภัยทางถนน,171.jpg
172,25b3425f07ae6f1b463a024f64682e87571448e4,ไฟป่า,172.jpg
173,5c17af4236e8354b284f326cb0844532bdfb8c33,ภัยทางถนน,173.jpg
174,fbdde13b6996c06fd3b48bffcfe2339588259e2e,ภัยทางถนน,174.jpg
175,346db3ef3cded7e14e5abb35e34ba6580eaa9abd,อุทกภัย,175.jpg
176,a5b119f030ecb640b44e23e37e948859a197a47f,อาคารถล่ม/ทรุด,176.jpg
177,1604ec13ce33ebe3d29ae12506b85cdc5a2bbd3e,ภัยทางถนน,177.jpg
178,b1815d0d2b491ce64ad1d96c6510e3cd04e8d6b7,ภัยแล้ง,178.jpg
179,e070ac49a26b5d253cdedf2e407490167fc8b994,อุทกภัย,179.jpg
180,09094516079a663d7a5131f9abc77d15bf03e6ae,แผ่นดินไหว,180.jpg
181,6563571887fadb6372aaec217c8fe75a6f767e2c,อุทกภัย,181.jpg
182,f076ffc34fa85f9df893332c00a342674d343f57,อุทกภัย,182.jpg
183,058a9885aa82ae08652921ac8704c2c68d61733f,อุทกภัย,183.jpg
184,1346e28ad8c3b868c7e0a1112021c4f18cf3d377,อุทกภัย,184.jpg
185,2e35a662fe591f276c02e88515d9bbf006e0c5db,ภัยอื่นๆ,185.jpg
186,6a5372647e6144481ed8505d609e39866769cd2b,ภัยอื่นๆ,186.jpg
187,6246c74d399660168d2bf497c37de6937953dc2c,อุทกภัย,187.jpg
188,7128ea3f36e433f087eb7a66bbdee4ecc44c9e22,อุทกภัย,188.jpg
189,6e638f2951bb1eea9e662eb2083686a111ab28aa,อุทกภัย,189.jpg
190,b59233f67cfa5da6ba328ef500f3bbd6d88cf3dd,อุทกภัย,190.jpg
191,38b6f087ee3196fc0d4eae1e372dbbb284e67fec,อุทกภัย,191.jpg
192,de54fcd2491e27c9d32765a2aca08dd8f4c5b78b,อุทกภัย,192.jpg
193,c12bd8bfe39a6c243b2de9421f4721f2a22b703b,อุทกภัย,193.jpg
194,53bb211a78e42b3ea70127aa00a6318982cedccb,อุทกภัย,194.jpg
195,cfb37edd1503e002ebc8b7cda833c610317d1d29,อุทกภัย,195.jpg
196,56a30c3b03ad176275be6abba1103909323e4150,อุทกภัย,196.jpg
197,2f611b58c1b8bff3b385eb5c4c8dbf7a7349b6fc,อุทกภัย,197.jpg
198,95d48edbef6c37315557bfa239a68388c735aeab,อุทกภัย,198.jpg
199,87dea528dad43aca21f792c9a05a65d6da7dfb73,อุทกภัย,199.jpg
200,449b1969b352c57dbc056dc0412511c1066f70fe,อุทกภัย,200.jpg
201,087c46962cd14a606913de6e3b8415f85b7fcb39,อุทกภัย,201.jpg
202,03faf075456047c059b79bdd5f261e3433460cb1,อุทกภัย,202.jpg
203,1ed88c69067f4b52074961276ceb269024368817,อุทกภัย,203.jpg
204,22422ea0caf4d7a1b1f56f56e7ce27c3cb66b54a,อุทกภัย,204.jpg
205,1302428a8290c7f1bfeb9f8e16eb302cc48ac6dd,อุทกภัย,205.jpg
206,61a61d1fe6fb52acf71fc5f9fe065e2adaff076a,ภัยอื่นๆ,206.jpg
207,27ae338dd0df02b87a660894db43fa8a281cbb19,อุทกภัย,207.jpg
208,17091aba423b2e52156a8ad22b27d7fc9ddb183d,อุทกภัย,208.jpg
209,6b48d6f913406a21870db0eadb5ccc50b4215ba1,อุทกภัย,209.jpg
210,7674446c527c3c9f4eb21f4109f2e8431450f9a8,อุทกภัย,210.jpg
211,efd079309205b5331c28779e78dbd48771b69ea1,อุทกภัย,211.jpg
212,593b852a6a2ae815a8623cc79a1854c4b82b169c,อุทกภัย,212.jpg
213,7d2d9dd0c5cb5116b55e76d3a1dd3102e57b39bb,อุทกภัย,213.jpg
214,16f807616c47e53ee6ae71a646de1074a3875567,อุทกภัย,214.jpg
215,e973aec78b64cd808920c6acc87d602f2bc21122,ภัยอื่นๆ,215.jpg
216,c4f06bf5296bd741be3c815c8043fb5a6098e9b8,อุทกภัย,216.jpg
217,b5c97cddadb952ce66e6096b9d333c4ef82b5a1b,อุทกภัย,217.jpg
218,d7028a2d73279e61c1af595507f48e315b4da905,อุทกภัย,218.jpg
219,7fa29ed2fb4521ae66e20ec6b5ddd25f8497400a,อุทกภัย,219.jpg
220,e9a7f892d2e47f48e05d02b923a8ef2e9c3b1977,อุทกภัย,220.jpg
221,acb81e9a4a6bd6ceab9db4bdb8d898e78573ac68,อุทกภัย,221.jpg
222,6faeb0e6f7db7860da3db626b3b7c53d23b9f2f6,อุทกภัย,222.jpg
223,10c271d39ad03a623a89adc3b6bc18fd06c66ab1,ภัยอื่นๆ,223.jpg
224,f084ab16ce716cb193f22a0e1c356bab17b448d2,อุทกภัย,224.jpg
225,83725e45a90391cb0aae5619168c725db3d87fc7,ภัยอื่นๆ,225.jpg
226,5c12f2c7d658870d9a4f73f9af2154e2e938c895,อุทกภัย,226.jpg
227,d75db8bb3827e2d07a9b2c85ca3647546f618a6f,อุทกภัย,227.jpg
228,01cff492b4ac7e346437242ab2f2a4c0c9c07138,ดินถล่ม/โคลนถล่ม,228.jpg
229,2fe83ffb733a432c323cc402d911e40c81fb9ea6,อุทกภัย,229.jpg
230,d61200b3fb31eb0c6e3547bb4b3263c488478320,อุทกภัย,230.jpg
231,837e5c1cf74750e91b79b0eaf9a95e1808eefc91,อุทกภัย,231.jpg
232,85049ae0669dba5ba17576b5a61c65badbde8de8,อุทกภัย,232.jpg
233,00b9a8d634fac543bbd4d3d5542f3ffdcf8ff3a3,อุทกภัย,233.jpg
234,042dc121caac04f5eb64b213dd060830f5b23c73,อุทกภัย,234.jpg
235,00c017a177e5db1f01403707aa430c606da7d5e8,วาตภัย,235.jpg
236,5194f282a2689ff3f63f1632531291d3987eae4b,อุทกภัย,236.jpg
237,e91a541fbc3282c625fdc1d284d0614bd9dcf50f,อุทกภัย,237.jpg
238,44c5e1ae63b7e7a847dc77306e51e1205f2cda38,อุทกภัย,238.jpg
239,02f218bc32e43a245da0379d8aaaaa25f4aef0c4,อุทกภัย,239.jpg
240,df90ea7bf351c5fcabf26c7edccd6ab302477830,อุทกภัย,240.jpg
241,e922865ab2348efb1b7dd9b4cf3f2fafa4670844,อุทกภัย,241.jpg
242,b90926b6a9d535060baa1e1691f7e617318fc3ce,อุทกภัย,242.jpg
243,96e5a560e05c1117fe37b9ae6f4a265da18cd581,อุทกภัย,243.jpg
244,d0af385680d9b0fb172cca745c01d97f4d570800,อุทกภัย,244.jpg
245,be1828e1d3d20ddef043b91725c56caab52064fb,อุทกภัย,245.jpg
246,0326ec21b18680fb5de2f4dfeb49d58f9d183401,อุทกภัย,246.jpg
247,321d06b11497a25ec0c32e22b70ef32b850ecb6a,ภัยอื่นๆ,247.jpg
248,b845ff15bb533b5f4cf7066e25b3d54834e5771b,อุทกภัย,248.jpg
249,96964fabe8c03fc81ca538d390cc1b1c1bfd01a8,ภัยจากการก่อความไม่สงบ,249.jpg
250,5867a8a4ce7f56406a4821151ab89d13150e097b,ภัยจากการก่อความไม่สงบ,250.jpg
251,d88959dded165a6a6e84b709ceb32bd0c7fc873d,ภัยจากการก่อความไม่สงบ,251.jpg
252,7b12ab6c1010741bbf308952484bbbca89b7cf94,ภัยอื่นๆ,252.jpg
253,2f57adc89faa10733e771e4f13e8592992ecd93f,ภัยทางถนน,253.jpg
254,e2996a3677b3faa941aeb3043032f95520726721,ภัยทางถนน,254.jpg
255,6fab7fb473b296425285296121b06885d38c7fb9,อุทกภัย,255.jpg
256,3368e610926dcd1e573d467789b145d2ace65bf0,ภัยทางถนน,256.jpg
257,80dc19b47aa26caff534d8cc2eddb9af795a2f00,อุทกภัย,257.jpg
258,4e33cb0ec6009e0df7976060c7e5bd428e33da04,อุทกภัย,258.jpg
259,40efd3ebda67c762d5a7cbce53f147c9752242e6,อุทกภัย,259.jpg
260,4858b21cd3a1e2b02cb94a6d618752fa7c7ffbf7,อุทกภัย,260.jpg
261,74231e61866fc01c1e44b4ce456c4aa24f452919,อุทกภัย,261.jpg
262,063f6db4689fdbbd0b32b1b93880fbc0e07846c0,อุทกภัย,262.jpg
263,f525d95f2c845d46bd9cc14050087c3fa1e257d3,อุทกภัย,263.jpg
264,5f014fea11f30e5134f7a76a0a330f5f33757ebb,อุทกภัย,264.jpg
265,46e4897105c8a1721401e9f16bf0f4b84034a275,อุทกภัย,265.jpg
266,9663344e8134c6645f6099ce8485655e2dce91fc,อุทกภัย,266.jpg
267,e1ca6993d0fc7964567864ec03510fd099042ea6,ภัยอื่นๆ,267.jpg
268,4da5aaa4ee3a8465ef2b420379fafcea924e42ad,อุทกภัย,268.jpg
269,24a4224b6bf203a8b9e80d5eb889dc842d2e75bd,อุทกภัย,269.jpg
270,3388dce7ac9817656a4af6071af4846582def8e0,อุทกภัย,270.jpg
271,b51a472de87cdbcfd94bf6cc5fdffe3d441defc5,อุทกภัย,271.jpg
272,5e47de1a3530135220bfb709bf29541cfcf3cead,อุทกภัย,272.jpg
273,7542da3e922942b0ef3c64bd1226c9c90dc1c192,อุทกภัย,273.jpg
274,23d931d02fd0c237ffaec4278da15e16701e8af9,อุทกภัย,274.jpg
275,84c661628bbbc2576c89faa964868b1ec23554fd,อุทกภัย,275.jpg
276,45928fb8320b2b0b20e9e55d06883f5ffe3cfbac,อุทกภัย,276.jpg
277,61018287ccf23544d220246c9379ef6fb9577401,อุทกภัย,277.jpg
278,50e1c028fe3952c7cb06076cb7d92f697c893c59,อุทกภัย,278.jpg
279,28aa5d7e16a34b55a17b35eac99bb17d72b924f7,อุทกภัย,279.jpg
280,25798cddb7e132c7d9745d877d6bb47d8ba8e97e,อุทกภัย,280.jpg
281,2e3bb5679ef0a7fe6f3ff97ee959a5107ad2ab3e,อุทกภัย,281.jpg
282,1838a72971aa9d4d35c88e9e419ff83e0bd6dea3,อุทกภัย,282.jpg
283,89e8a69a2b94b19b4371aa7e497105dc8a02f2c3,อุทกภัย,283.jpg
284,db914765e1aa785247ce5470be006d4d7bb0e89b,อุทกภัย,284.jpg
285,218bde7d30ca2eb15a728c88a6d0f2501026c0ea,อุทกภัย,285.jpg
286,edcb6454cdf15c0bfe98d1168f3cdb07fb70a7d4,อุทกภัย,286.jpg
287,66615a263f4baf9958eb029630f492f9732efa7d,อุทกภัย,287.jpg
288,e06dfd5ef0503ea5b00bbf9cca10e590d566d68c,อุทกภัย,288.jpg
289,7692e12dff5059e6441d42713bf3fd2bf87a5634,อุทกภัย,289.jpg
290,36e18b5d52ca9ea8f7edc1b1d44b35f6b864581b,อุทกภัย,290.jpg
291,afa45ffe2240606c2cd92c97ca69bf905beca2a5,อุทกภัย,291.jpg
292,b8b4646e9ab18565579d6c0bfa7e054ab310c687,อุทกภัย,292.jpg
293,2b19aaa74d53648072d4b40c8158223cba9d9b3d,อุทกภัย,293.jpg
294,a59b2620c92dd2348a4aaa6f284daa096b312b44,อุทกภัย,294.jpg
295,582c6f78051bff56b522e2a54553185ff6151f52,อุทกภัย,295.jpg
296,d72fa39fbdc2ebf8ea12abd8d65faaa60b3853af,อุทกภัย,296.jpg
297,8ce2392acba1abd2a72d52f7bd4779bbcbd3f91b,อุทกภัย,297.jpg
298,af53ead1bc7444aec8a1906f4821ad5bf34f20aa,อุทกภัย,298.jpg
299,59464ae057e073f6fa43812fad2d5ed9581bcf34,อุทกภัย,299.jpg
300,8d98c5981f6e662d334cbf2493c0ded5b1a6371b,อุทกภัย,300.jpg
301,ef75ee71a41215554495ff475ceafc08b7d96138,อุทกภัย,301.jpg
302,57653c9e964eab9db1ad0a36ae88f97abd318571,อุทกภัย,302.jpg
303,b74048d82fce1f4602652505028953aa03a01a8a,อุทกภัย,303.jpg
304,68d19557f496ffd1e1927a127555b49d7e56f14d,อุทกภัย,304.jpg
305,1f1560051000a5dcf2a7bd9b613c8a7ff97c8aa3,อุทกภัย,305.jpg
306,226a5e464988fa658925ef8976309444b3fd160d,อุทกภัย,306.jpg
307,087bebfb9b5290675cc66181fa10841266b385c0,อุทกภัย,307.jpg
308,c605780d14a2eeb5e4167940a5b2b6021dd98994,อุทกภัย,308.jpg
309,ff145114e514b1354ee9bb74d91c1c376fe866a2,อุทกภัย,309.jpg
310,9eadb53ab9a7a74109a8adf4be3ac2f82f7a9a72,อุทกภัย,310.jpg
311,1ef68d75b1fc20af78fc648bd5cb29263dbfcc5f,อุทกภัย,311.jpg
312,93dff6f1ff3cf5a0777ca27d3c148ef1dd3f5801,อุทกภัย,312.jpg
313,aa832e0b27d5edb92a504d407b787a85b73d9ada,อุทกภัย,313.jpg
314,dbabed4e6254268f15f2abbaeb72ddb535ab9b4a,อุทกภัย,314.jpg
315,08d54f0c31022308845985f650ddce390add043c,อุทกภัย,315.jpg
316,42dbc90108b7d01e00c50689b389464e9bbf5781,อุทกภัย,316.jpg
317,2b4a1f9851ac4b039002835d6f6b8d84a87b9a03,อุทกภัย,317.jpg
318,45fad83d42665304b7e951522f599a25d3265d1a,อุทกภัย,318.jpg
319,8aa75483d9cbff025f71d5292404711237092147,อุทกภัย,319.jpg
320,c7aa6358b6bbba982d7349403d209fd64d65a5b7,อุทกภัย,320.jpg
321,1631c4af294b07f7560998c34105485b44a002e9,อุทกภัย,321.jpg
322,d59df206f1733fac9703d4013b1dee2b5d3d5270,อุทกภัย,322.jpg
323,179af9fe3cbf1d10ad708e23b136347bc6434672,อุทกภัย,323.jpg
324,83e2824d79c14be78bf04297ca14791a4fb111c9,อุทกภัย,324.jpg
325,fd5a69f9abb1844c840373beff252af3965da842,อุทกภัย,325.jpg
326,3d7818aa3a0bbb545021fa9d9f37e4decb11dca5,อุทกภัย,326.jpg
327,1f5604ae4e6b946486310318397464a225035c2b,อุทกภัย,327.jpg
328,9c97f5f45380ef456e9ed4f074eb23010ab033bb,อุทกภัย,328.jpg
329,65f5e54b1ce959452f3f21f2fbda9712d1d4ac63,อุทกภัย,329.jpg
330,2558a8f215aa383e9d792919cd31dba6c64d601c,อุทกภัย,330.jpg
331,79c1743f786a14e8696f5ef0857c6bf7ca15e67f,อุทกภัย,331.jpg
332,b60b9f8dcc68e5d8312860a96d17202f47beb217,อุทกภัย,332.jpg
333,054c494744c73b9af0f203e98097f747ec766b6f,อุทกภัย,333.jpg
334,515254dedb223681d9b22db49a008597d19f5900,อุทกภัย,334.jpg
335,2771fe9ff8c48890cce6cd2472f701ce2aea5ffc,อุทกภัย,335.jpg
336,17314cb4583777f79841f7a0087c3cec12ce6761,อุทกภัย,336.jpg
337,fe8f4d75bbe3ef60e3c6259995a6e20a0840eca7,อุทกภัย,337.jpg
338,47181a7b848e40ec82b0a27b37ec898be6fe8fc8,อุทกภัย,338.jpg
339,c23145668cb8d6e2796a52db58b57e97ed429cee,อุทกภัย,339.jpg
340,6982146ce659a1803ae4dfea0f3061091f5bb5b1,อุทกภัย,340.jpg
341,8e8a661a2528fe74e05d00f16aac8d12a771f560,อุทกภัย,341.jpg
342,b9aa964b5f3c93d4c9133039b37a02c4dc2a742f,อุทกภัย,342.jpg
343,84b2a3c3c2872c3b254fc89f1fe1b0a29ffb6710,อุทกภัย,343.jpg
344,b825414e2d846c3a752dd0d0321ed5324dc94b80,อุทกภัย,344.jpg
345,4321fbdc556416ee1928eddbc20a93f1dd466b0a,อุทกภัย,345.jpg
346,ccd291c526dbd379c0b7e3384db5e60d2b17538a,อุทกภัย,346.jpg
347,8367525172273ddac83000f2bc5cbfa7f3482970,อุทกภัย,347.jpg
348,c5962772e8013b4cd19186f01e695ccf83cdf2a9,อุทกภัย,348.jpg
349,02f3b6b9410df126b49bda332f850bcc5986bddf,อุทกภัย,349.jpg
350,6c53d0f7832701bb53f218cd19318844e4e070b7,อุทกภัย,350.jpg
351,00bc820d3645104dcf21b23dbd72e3d51003ff75,อุทกภัย,351.jpg
352,e2b90be6639d6a282d3cfbe885556a12e0eb0852,อุทกภัย,352.jpg
353,e95226482e0877acddf2c5dd2caad348ad3a9593,อุทกภัย,353.jpg
354,7a23daab2295c8c362468e2d60d112d37acae6bd,อุทกภัย,354.jpg
355,86c8dc55a1d04fee08844a7862b480c912662840,อุทกภัย,355.jpg
356,ea7e3fad00f050dbd1bad85e7a7645b985066bf8,อุทกภัย,356.jpg
357,3d991ec45de350c0aeb3187b5cefbeadfb9dd000,อุทกภัย,357.jpg
358,0eba274a17f63e0d48180cebbae914181cdf4e1a,อุทกภัย,358.jpg
359,ef7eee5dd2e07e8612764134701622ce05091a6e,อุทกภัย,359.jpg
360,3f72bbdd82ccd0300b37397250f3e1706eb1911e,อุทกภัย,360.jpg
361,d5dd28e4a5356e4f39bcc480a5a4bd63e165a27f,อุทกภัย,361.jpg
362,54bfa78497aa1f6192a8e8ba74b9518069bb5217,อุทกภัย,362.jpg
363,813fbdc96a13a99289fecda9232cc1053f693820,อุทกภัย,363.jpg
364,f39c254ef36d1594879ddb9bb997a37219806eca,อุทกภัย,364.jpg
365,42046cf2f0ff60870b8928c63e058d7d3cb7d6f8,วาตภัย,365.jpg
366,1ce8b7423e83477a0b972fb9b5588104d505827d,อุทกภัย,366.jpg
367,482e7c61e9b354d5af73492c0fc4207ec7416d39,อุทกภัย,367.jpg
368,23e5fcd49281633fa571332f9debd6d9b02aa553,อุทกภัย,368.jpg
369,7033e68806e907becfaa97dfec08b2a7d7805fca,อุทกภัย,369.jpg
370,8eaea8a8d4405aaa0e9b534b2f6bbb62d450a96f,อุทกภัย,370.jpg
371,57050ffa7a8dfb29d60df71de8ea8ed888bb5747,อุทกภัย,371.jpg
372,ff921db94249daf1f56c3b1db5e2bb5c95fe1de8,อุทกภัย,372.jpg
373,6e1f54e18a9716c20553cf6428ce431136c4eba3,ภัยอื่นๆ,373.jpg
374,da38afaf43a18a753c4a27f4d47e94312795b639,อุทกภัย,374.jpg
375,3a932fe4a1ac0a4680e097613dfad0cc3e29e27c,อุทกภัย,375.jpg
376,27f51a3b3248fda3a8964a036cb1e90d308c2f9f,อุทกภัย,376.jpg
377,656d19bf8d39e9ce23fd1b95c856331add6c6cfe,อุทกภัย,377.jpg
378,25cdbb36a4ea4d9fb5f0bf1d8c23c25564340119,อุทกภัย,378.jpg
379,7bff9b0dc2ff899b444adbc79d471684eef33d4b,อุทกภัย,379.jpg
380,e07ce6129ec8e8355c7e87d174bd0557b96209e0,อุทกภัย,380.jpg
381,38e0d662bf63a0f3551d449c621352c0c8f7c808,อุทกภัย,381.jpg
382,c972a2861a82ecae2743610e7730ca78bc20ba73,อุทกภัย,382.jpg
383,ddaa0ce700886ac6283591d2d48a518b8d9c403d,อุทกภัย,383.jpg
384,ce98f80c6236ccec6be92a03a0a387a2a09f5802,อุทกภัย,384.jpg
385,817ebf48fe5af2e2a62ee7352ca143f0c1f3f1cf,อุทกภัย,385.jpg
386,85c200c082a1797c10e8ca1534d29de11f7ae972,อุทกภัย,386.jpg
387,ac7aaeb7823d787fb8e8458caf874227502a6675,อุทกภัย,387.jpg
388,17f8748ca3c49bb1cbf075f198ec21c6aea2781c,อุทกภัย,388.jpg
389,169bd94a47fe147fa664e0ba66638dbd43d31446,อุทกภัย,389.jpg
390,9b3b0c3f0669e7f4f90155e77b6ff75bfc3c77ee,อุทกภัย,390.jpg
391,2aea3bd0e44af7d4deb2789d11a9d3f6e9efa10d,อุทกภัย,391.jpg
392,6c5139b665e988258616e04a61fe95e57c8d4126,อุทกภัย,392.jpg
393,53559889a4cd23760d8d236d74575b9de04c2d27,อุทกภัย,393.jpg
394,2cebacf17ed02426e687edd1caf0a8c5d8c7687c,อุทกภัย,394.jpg
395,9760df047b968868ee5ecb8cc41744103a2c3f9e,อุทกภัย,395.jpg
396,870fb870ec28cd359bf000b14fde28115ee833d9,อุทกภัย,396.jpg
397,20f167577e8ad9a0fb7a6029c56baa06fdaf27fc,อุทกภัย,397.jpg
398,48a8d21ca8fc26b11552e468311796d7d7e75fca,อุทกภัย,398.jpg
399,8a01ea2648446f017f217c7196ff2fefeb4304ad,อุทกภัย,399.jpg
400,f06b77d6fb9ef830228f3e5e6fe995bfd4f18c3a,อุทกภัย,400.jpg
401,d0596a3ec2da0092f2d2b30bae3f40d8bfa13739,อุทกภัย,401.jpg
402,b12a3ee4797cb49892faac27321851569ad6aff4,อุทกภัย,402.jpg
403,6de74568fd6d5e3c69ab24c84f6fa413e85959e5,อุทกภัย,403.jpg
404,ca2fbcfbcb298a8ca80f20db84b4f26344233ad4,อุทกภัย,404.jpg
405,3a6e2baef7b0944ad3160320c484661ecc4cf915,อุทกภัย,405.jpg
406,6df596c2a11039648982591f7ea337f5e043c9ce,อุทกภัย,406.jpg
407,25180f867752e491ca0d0153fd2c4c2192c9a6ec,อุทกภัย,407.jpg
408,3d57416d41cef6f419ab099383a2209dad3406b1,อุทกภัย,408.jpg
409,6f1e73fbbea2a626bcd97e824a8e14cf4fd6abce,อุทกภัย,409.jpg
410,a69d0921df1e8289e5d51ce4e9999dc25bfb6942,อุทกภัย,410.jpg
411,4786c54c407625c4d064689b3c1cbe5f27cb772d,อุทกภัย,411.jpg
412,8c2d553e7a0815f7670638063a7cea5027777f77,อุทกภัย,412.jpg
413,148df0d4b43b7d9cc53c22a499b63814c7492171,อุทกภัย,413.jpg
414,465e8cd9725ae5e840e049d9a01efd782bb4c5d0,อุทกภัย,414.jpg
415,14ed916992f491ff0a1d078bd367b17588261b08,อุทกภัย,415.jpg
416,87714a0fdd5be8b703308375ddef74dcc2f7b4ad,อุทกภัย,416.jpg
417,0ca4961d5f0a92e023cf2b192aef542ef557b3f1,อุทกภัย,417.jpg
418,c40a69102a5884ecfe9dec997de654122ab3e9ec,อุทกภัย,418.jpg
419,946f308b908c29dab6d49733e314e075fde62756,อุทกภัย,419.jpg
420,f1b486061b12706d8469a6d88356d1d3e84051d8,อุทกภัย,420.jpg
421,45e744ade7e55f6688611a42864e8d64ef5940ff,อุทกภัย,421.jpg
422,4b798ba47cbcf49cb608fdff641ea31023eceaa0,อุทกภัย,422.jpg
423,5e0db2efb054da65ab7f997dc31189052b16298b,อุทกภัย,423.jpg
424,b7d9752f290945a6ca882c58066d1bf3e1229ac0,อุทกภัย,424.jpg
425,6365b8a30b34b84c5290b3bbb2fe5fc3df2ed716,อุทกภัย,425.jpg
426,adf455df510f11416ca6a82605ead024b0be06bd,อุทกภัย,426.jpg
427,86256e9ce1c7992b801739ef65dd59d593688872,อุทกภัย,427.jpg
428,f89965f4af221a8680dd1b5811ec403c3b9608ad,อุทกภัย,428.jpg
429,64b56213e9701345aa9fa37c8131d7208d066b16,อุทกภัย,429.jpg
430,9cb80da242e92469da361a8546217a886b6d9edd,อุทกภัย,430.jpg
431,a4958bc513dcaea9a42b8ecd423cbe5802a787fd,อุทกภัย,431.jpg
432,5650816e2e4997e68422bab9104fea91f5aaa254,อุทกภัย,432.jpg
433,e80c05fec55c4e291ac22f1254633288479e5b3b,อุทกภัย,433.jpg
434,0c38b404be86e3e22f48efa3719e3ee1beb397d3,อุทกภัย,434.jpg
435,9ec2185a6307754cafa40b109ee9e7ee8dd0864c,อุทกภัย,435.jpg
436,4758e7d138243cfec1030faa914e2092e7144578,อุทกภัย,436.jpg
437,be792539975ec6eb005abbf08b3d67bb747e43ef,อุทกภัย,437.jpg
438,0d53774984dbaae19a737f016c028fcde12e9004,อุทกภัย,438.jpg
439,f39bb90e19d711f4759fc08f7cf09a552059024b,อุทกภัย,439.jpg
440,9d0bae3bc77499bf3aa3f1ec3b90b1da1d57247f,อุทกภัย,440.jpg
441,1a2346968621a81408db368bcf1ae5e8d0cac6ba,อุทกภัย,441.jpg
442,938285b62d8930ee62bb3db93c97dd80d9823759,อุทกภัย,442.jpg
443,bd0bc6188a6e85ab709ffa6fbb889f6c8ec56445,อุทกภัย,443.jpg
444,6e27a01b403184c476c93633deecf23da350df8e,อุทกภัย,444.jpg
445,3c6cf46fe3f5ca9e523a1f8d307c1e7abc73ed6b,อุทกภัย,445.jpg
446,8c9197ba99be772ebe93327262af2accfbdbc61d,อุทกภัย,446.jpg
447,59b7ab2dc37b07d512a49f42a8b2cd70dd76793a,อุทกภัย,447.jpg
448,b8492ebb740aee3356b6dcff39eb61c45400867d,อุทกภัย,448.jpg
449,aae403e00d08e49c02b7baf1fef84a78b1118040,อุทกภัย,449.jpg
450,12cc845ca2c0c94da82eaed80b893f8dd2f139b7,อุทกภัย,450.jpg
451,a7fc9ae4d8f20945cb353b78ff300fc063fbc7d5,อุทกภัย,451.jpg
452,69679b9ca3b95f7fb24454f4f2cf21dcbad488a5,อุทกภัย,452.jpg
453,8926021c1216ed6481e26f5c2cba1d8ca6012c8a,อุทกภัย,453.jpg
454,a337212132593585bc93d998d4a855b3091d1019,อุทกภัย,454.jpg
455,22d8e4c9b1a3e37b4385982e35087a8730366822,อุทกภัย,455.jpg
456,51ea6ade9f8db78b4603a1f5a92b93387ed0d03f,อุทกภัย,456.jpg
457,4e9a20db17508379572dbb308cd9a55f0b837c84,อุทกภัย,457.jpg
458,e2cf78c469774c5a053f7b7d7a98ea5fd57c54ce,อุทกภัย,458.jpg
459,e865b57f06abd3927c429868bce1b061acd73083,อุทกภัย,459.jpg
460,46dec5a12767754efea5bad59def6ea08d9e2f33,อุทกภัย,460.jpg
461,afab3336d6c8ba06219e51be6c326570d6cb4ada,อุทกภัย,461.jpg
462,ffbf8f41d148f787008ac9574652f7b2d4f0ebd4,อุทกภัย,462.jpg
463,584b1a66d36e2becac4e7dda10cf9094ef6be4cb,อุทกภัย,463.jpg
464,bc10d0af21fc438c0c1089842794279638a01676,อุทกภัย,464.jpg
465,5675236d82d1be11bbb172c26b932c385426f29d,อุทกภัย,465.jpg
466,8eb97824c5c10778f98e36b60b5c29d0553f83af,อุทกภัย,466.jpg
467,51539f89eb4ece8b47ccbf3e99f7b892e03e774d,อุทกภัย,467.jpg
468,12bb7f643372aa769b1b7cf9157663b98745fcaa,อุทกภัย,468.jpg
469,313e8a4e38397ab48f6fed31d13e9c2926f37157,อุทกภัย,469.jpg
470,39751f514abc172f0292de7f049b373e126c8194,อุทกภัย,470.jpg
471,c085b5b507b4921328440bfafbbef322e5d876fb,อุทกภัย,471.jpg
472,10ac03e3fbc125c6720447e003e0c45b45d227af,อุทกภัย,472.jpg
473,e5f36dd620af127c7f75f99d5ab4126611d86d94,อุทกภัย,473.jpg
474,fac94fe9427473a97d87f97a1b6f8d7172364b17,ภัยทางถนน,474.jpg
475,0cf13876f156b26ce850ed8cf89aa1c9a640081b,อุทกภัย,475.jpg
476,e98ff352aa2079d3a465ab5840f569c03f40f8f3,อุทกภัย,476.jpg
477,f5c65a41f672bdc0a03fb2615ee252d2f6bfa3ef,อุทกภัย,477.jpg
478,6c27811161b26ebec8cc8a3f163161f73b08fe1b,อุทกภัย,478.jpg
479,2561093c2af56c2274de896e253322373b4f6457,อุทกภัย,479.jpg
480,d48a4a2c34eac272bfcd30d63c6aee5482a0e7a9,อุทกภัย,480.jpg
481,73178e858da4d9e55bb468e603e6edbeff080121,ภัยทางถนน,481.jpg
482,96bfc51928effe47e740b7dc66acfcc7a6cdb86d,อุทกภัย,482.jpg
483,6308809710688384e42a413e374f8a814d92f80d,อุทกภัย,483.jpg
484,db24df68005793c92e89104e5454ccd84920a617,อุทกภัย,484.jpg
485,0b7499884dd27922f6dd7f913bfced410bdd5687,อุทกภัย,485.jpg
486,44fb99d9ea673830a5f2a91e18e2720bcbdc01d1,อุทกภัย,486.jpg
487,c0e311bdb4ee1f09cc68949c39021dca3dceef07,อุทกภัย,487.jpg
488,17ef354b86135d4f4d1101cd68d7f8d863120935,อุทกภัย,488.jpg
489,83c437d304dc4bb228f955cf5539567516294d72,อุทกภัย,489.jpg
490,9119b5cb0e262b46189a76ce7b3b677168288129,อุทกภัย,490.jpg
491,c2b7d2924c3ee1f823a7236151107681cbda6a98,อุทกภัย,491.jpg
492,9f9741b559e2a6809680b1acf767f93148560593,ภัยจากการก่อความไม่สงบ,492.jpg
493,5ffd90ee346930d105425a1428cfe139f981ca78,อุทกภัย,493.jpg
494,44d1fe40e2c97ff7a297e47fffc8744a3d9ffe2b,อุทกภัย,494.jpg
495,89ef002d1ad52e1fdce148cf21e74dedb5d0ab5b,อุทกภัย,495.jpg
496,0eddbea26d79b1adcbb33e50e53b5c167292359c,อุทกภัย,496.jpg
497,3e73cb96a495791a4b1761365b33b0820ebb207e,อุทกภัย,497.jpg
498,e48258f5edc234ea3719418b046fd43c9cfdd018,อุทกภัย,498.jpg
499,b286c55c8abe721a88370e565cc8c1019f8c7fde,อุทกภัย,499.jpg
500,8f6cf9b6a878daba00561045105189f46c0c3367,อุทกภัย,500.jpg
501,81631890cd8e86c951144f357304bea552f5025a,อุทกภัย,501.jpg
502,4993af625c91c668b95c5c55b89c46dbe0329e38,อุทกภัย,502.jpg
503,b4b8ad3f9217d45a0b728f73508032a72d802900,อุทกภัย,503.jpg
504,e5370f06890f6be41d975d3cf3950502350c1c07,อุทกภัย,504.jpg
505,0e6853a447f7e6ef53b86c4468d50c901caf8eba,อุทกภัย,505.jpg
506,ad853e0d7a2a3a76b0b066de9fe81da7da40d71b,อุทกภัย,506.jpg
507,a92598608226fcff351424e48bc73f3e93998764,ภัยทางถนน,507.jpg
508,54c8b4c87176b295c79cc6fecf85fb0243fa35a0,อุทกภัย,508.jpg
509,73b9b52c798d09b72c0a9901e81d66cc76828a77,อุทกภัย,509.jpg
510,4a592837baa389663a3d915ede608dbf3fd8bd88,ภัยทางถนน,510.jpg
511,ee01b51a217f897cbbaf449e8185228f75099692,ภัยทางถนน,511.jpg
512,1c5e480e628609431fa98fb3a17fa845bb622bfa,อุทกภัย,512.jpg
513,6edc70243230871ef12e63ffeb773b009038e7a1,อัคคีภัย,513.jpg
514,fc602fe705255fd26b38fd17d2a2e8cb51f5240e,อุทกภัย,514.jpg
515,6d2848f689a80f4259adc3c85a45d482b5c011b1,ดินถล่ม/โคลนถล่ม,515.jpg
516,32c950ed37e3da43688c1887abb893c505883fe4,อุทกภัย,516.jpg
517,06825eec3bd1479c586634044ce4bf9d69e0e902,อุทกภัย,517.jpg
518,9cfec530bb98bc16064d571eca81c930ab6b2b6f,อุทกภัย,518.jpg
519,55ef2fd7961bd442fd831a3cb96ff2332955dd54,ภัยทางถนน,519.jpg
520,706d940e6fc7a9957bea7d27c8dd3549018bc0ad,อุทกภัย,520.jpg
521,53b1e629a228e74acb976038cc4b075e578b42fe,อุทกภัย,521.jpg
522,bdcf95df9df7eb523a4871523f19b0569c7b4849,อุทกภัย,522.jpg
523,5f35ff426699b65f8a1300a9806805fb3b0022aa,อุทกภัย,523.jpg
524,6134aa89fe6721e7d9599c5d0994898baea96df0,อุทกภัย,524.jpg
525,769ff116c639e1182f4fcc94f3a4815d53e05448,อุทกภัย,525.jpg
526,2f0163a559f9528bfb4c2bf51274762e9754f0fd,อุทกภัย,526.jpg
527,4857f0a66998411744b25cab2a7d06214ea42681,อุทกภัย,527.jpg
528,35ee555a5b08a34c125bc79923821089194d37ac,อุทกภัย,528.jpg
529,bfeb8dfe080dcbc23b516a9ae2a85e97d35ebde5,อุทกภัย,529.jpg
530,2d6961f4d12900b02dbf7d56745cd59f18c1d3a3,ภัยจากการคมนาคมขนส่ง,530.jpg
531,4df3a02e1e8c73ba0c917cf6f77bbf97fc764167,อุทกภัย,531.jpg
532,8d9f97f3534f366426f658009adac4cd558a1911,ภัยทางถนน,532.jpg
533,37583dccaf658831ce2ba9af6517dde360974abd,อุทกภัย,533.jpg
534,968c510392c70162aadda3b9fd2d6eda6937b436,อุทกภัย,534.jpg
535,98a9cb48bce5e2c46338f8a6279823ba0a664a2b,อุทกภัย,535.jpg
536,b8850ce11ccdba29722ddf293055a7001e47e846,ภัยทางถนน,536.jpg
537,f7eb03d69d1e21f5024dffabbaf22093a22929aa,อุทกภัย,537.jpg
538,12f5b6553cef7c4a469d86e1d34ae5835fcc7b45,อุทกภัย,538.jpg
539,1bb6dbf4d0d0af958209902cbd625d667f60fa09,อุทกภัย,539.jpg
540,8c822d22c4c85383d7cc9c9df5898f9aaee43edd,อุทกภัย,540.jpg
541,d74dcf63aca2c043aa2b3a6566757e15b928ce53,อุทกภัย,541.jpg
542,9fc3a1e3ff2596db54cc7a6dbaefbc622f1fe9b3,อุทกภัย,542.jpg
543,ea9de256b18e468acb0797a423c93c872dfbe344,อุทกภัย,543.jpg
544,e9002f7a0fb55fb20b94726af17919e9280103eb,อุทกภัย,544.jpg
545,3f42d1851336f67794bb6579087b4b1afb003c40,อุทกภัย,545.jpg
546,774de99f446b460ef69db98c5cdfa521b21c9606,อุทกภัย,546.jpg
547,01c4fb9be6b3e36b5a8b2b4f92cce32754768fc9,อุทกภัย,547.jpg
548,be0f00971e1c5586f053d47a9d5843219bc3f1eb,อุทกภัย,548.jpg
549,de172827b52f52fa862d050118555f1636387545,อุทกภัย,549.jpg
550,cd7f8364455f28b5fc4261c03eed6d1c85fa0b5b,อุทกภัย,550.jpg
551,a4b4d1611cd2a8f5ab54d1c3d7ddb5e7c6044faa,อุทกภัย,551.jpg
552,c3c1ef0ef55566fcee22d6b31045ecd2f8a867ad,อุทกภัย,552.jpg
553,dd833a818ed9ed78e0af7421b03d71192a7a7652,อุทกภัย,553.jpg
554,f29ea6c2e14160f077d62a195dbe4ae4d13f1243,อุทกภัย,554.jpg
555,a7a538105a3a0802ed8779be6307335fdeaab294,อุทกภัย,555.jpg
556,06c4521253c33365ee78cedbfdda5807e650e2c3,อุทกภัย,556.jpg
557,a322e09819523b43510b034ea6f19b9bdb4a95e8,อุทกภัย,557.jpg
558,b0009d4a96d55a54794321d179676d09a0860188,อุทกภัย,558.jpg
559,1e8e1b0f542f37c17967f66b6df8c1358f68c09d,อุทกภัย,559.jpg
560,3e80cdc4293d0b6f54a75bb7142d65ca3bcc49af,อุทกภัย,560.jpg
561,9fe84329c9e2b9ba4b93d57cabf8ce147e2a9593,อุทกภัย,561.jpg
562,79aae17d1354493a127a5a75aaf285beabb0cef5,อุทกภัย,562.jpg
563,2d42d0221eb77b7b54b10d4413f00cfaa74318bf,อุทกภัย,563.jpg
564,4ff521a32eb3ef3c0d4e5e385c360b8853ec2127,อุทกภัย,564.jpg
565,2a7ef8b836b1657c189f895d976c00a20a970763,อุทกภัย,565.jpg
566,5e787b1942053f131228e7cfacd3f8bbf06d9f7f,อุทกภัย,566.jpg
567,a2e125c9437c87c20fba20c05471e2d7a97d4f99,อุทกภัย,567.jpg
568,8a55d3dd90d66092c52ea1030f0f9f24c981182a,อุทกภัย,568.jpg
569,78a270d48c228938d1fc83e7f712c9d90acac7a5,อุทกภัย,569.jpg
570,fb831b68834fa6bded652345a8a0ebd06f49dee8,อุทกภัย,570.jpg
571,e183e6f108f2836ed8d62232a3a2661cfb972a0a,อุทกภัย,571.jpg
572,6be789cf797508342b209c39efb042fbcf9642d2,อุทกภัย,572.jpg
573,b6f115cbc6c466faec3a74e1be3f54e30e97afd2,อุทกภัย,573.jpg
574,5458691df65daf1ea705e28c4c49fafec31ef8ce,อุทกภัย,574.jpg
575,da9c58c4733ba464babfdca27d4eab7373823d6a,อุทกภัย,575.jpg
576,1ce60d524b743c481cc665754c67f78490a30111,อุทกภัย,576.jpg
577,75487e5d41d5894aa4272b49fca417d855a29316,อุทกภัย,577.jpg
578,e4fd18ba67ec73cd5a1db727f98a10e14c7653ea,ภัยอื่นๆ,578.jpg
579,7688d26c557ed17b2a252704dcba28d76f501a4f,อุทกภัย,579.jpg
580,96ba939348575976003b782c3612a374faae82a9,อุทกภัย,580.jpg
581,545edfa315a020b246a1a8edc51604e4460afb44,อุทกภัย,581.jpg
582,5f4942e3646d200e05e31747ee4c88560f27aac9,อุทกภัย,582.jpg
583,1181640680e0a1d33ca47b344555305c0be08d05,อุทกภัย,583.jpg
584,e0ac886f0d5d8738283f895619278bd1018f0b50,อุทกภัย,584.jpg
585,3b686eb90dacf63a5b1374e9a33efe2b23dd9777,อุทกภัย,585.jpg
586,5f1c8b7c9357414eb2b67ac8492c6a12bf85d5c3,อุทกภัย,586.jpg
587,ca6a75071d61c98717fb56ce24d7e523275d4922,ภัยอื่นๆ,587.jpg
588,45fa3fbdef48af2f12e671aa011d5902475c7731,อุทกภัย,588.jpg
589,87c5bf337ab4cd9d6ee5ad931494bb71c81ee040,ภัยทางถนน,589.jpg
590,14e6822446438685f03eb8549bed9bc2de1150f7,อุทกภัย,590.jpg
591,8a5438d7ead74d0c963b4b7b7c88298a9a258b62,อุทกภัย,591.jpg
592,4b4de73282f48793a6bb5e73a157424d3697fed4,อุทกภัย,592.jpg
593,6a53165ee45ae113a3e97269003e3823ab877d14,อุทกภัย,593.jpg
594,92a5fd000ce109bb44e96b630dab7aedbd3ba73c,อุทกภัย,594.jpg
595,c752a8b9a6109353b7f1d58d7d19226b6e1cd9cc,อุทกภัย,595.jpg
596,d1bce41d43a9f0e5daa2da33e0653453e68afbc0,อุทกภัย,596.jpg
597,f7e1e7e45dccad35b7321fd63c095338f9d6fdc1,อุทกภัย,597.jpg
598,6f7a51d550d740c8dd350311a01672928c8f9353,อุทกภัย,598.jpg
599,0d41e0bbcaf357f6bc198e472f952cbb04fb051a,อุทกภัย,599.jpg
600,deb8f2640698e7973520a08d2f062f585fe7f54f,อุทกภัย,600.jpg
601,e8caaf8659279afb67b44091f67672ce34d83b68,อุทกภัย,601.jpg
602,707fd49876eb2a0d7dae6ae34074c3c7b328e437,อุทกภัย,602.jpg
603,cf41feec221b3c9c3f95c32f1adb781bf9074629,ภัยอื่นๆ,603.jpg
604,6f69640c4299f33b9261b19a9146c6efcf9f0994,อุทกภัย,604.jpg
605,aa86b37bfd8ce791cc86b266bbbb586f2b6b34af,อุทกภัย,605.jpg
606,3f2b4560636ede6bde416f4e79b71b8cb09a78b4,อุทกภัย,606.jpg
607,922e4f497be0cd714afee9137c6d702edf77e56e,อุทกภัย,607.jpg
608,9c86acc8a5dae8b4bf9676a0b6da6025dabcdfee,อุทกภัย,608.jpg
609,4b4629f1c0454217f702d1c466b5c05fe6abda8d,อุทกภัย,609.jpg
610,66c9500c72420c678ea44e4707d8f192162dbf42,อุทกภัย,610.jpg
611,a33624aeb3bd037dc9c23b088b054b20e3e73fd9,อุทกภัย,611.jpg
612,6d3ae42417dbd965670061aa46e517290f45b022,อุทกภัย,612.jpg
613,6907a639305a75237501c85dea4ea40019fb6b2b,อุทกภัย,613.jpg
614,03e6ed25980ab97500eb1be40c6631701c93e1e3,ภัยทางถนน,614.jpg
615,80507dc10dbda911f582f6c11b307a5607f96e9e,อุทกภัย,615.jpg
616,0d56bc4140363aa6b9d52462092899712cab435d,อุทกภัย,616.jpg
617,3058c50ddda4982fee0ae24c483f94051842f5d9,อุทกภัย,617.jpg
618,fe5081f378842546dcfb1a76ba0678215c8cbec4,อุทกภัย,618.jpg
619,e25d03712e5834eb5a3c74c58b4ae09c115a5b97,อุทกภัย,619.jpg
620,c277f657427846293b4a4b21e5b7ef2243cbfaf3,อุทกภัย,620.jpg
621,b8b506c71e4bd37f7a29d33fe5d369a8b3ea902c,อุทกภัย,621.jpg
622,6e1f28a0ef346f3752fa590df2091deab1556b2d,อุทกภัย,622.jpg
623,f43ee45a47e87819d66c5bed01a13f9ddbab3add,อุทกภัย,623.jpg
624,a9d0e3f739d5b8f44b0abf7f6de14384b294ff9d,อุทกภัย,624.jpg
625,9e297070138d9fbafa6ef21df4491f29f79afe05,อุทกภัย,625.jpg
626,4edee98dcbe07431fbe04426428438912d810d76,อุทกภัย,626.jpg
627,7d1e9f99634776c231314c754665dfd89c2fc3c8,อุทกภัย,627.jpg
628,1daf722721c1ee5a08440e6608e28e2a2075bec0,อุทกภัย,628.jpg
629,9173bad7c37e0c8d1ae40a4873784e670043b7be,อุทกภัย,629.jpg
630,060e1467fdd1fde752735ae719538d713961c456,อุทกภัย,630.jpg
631,617fc174ffd4414c9089a79fa442a91abe69aec9,อุทกภัย,631.jpg
632,2684ccb72f23c505b18beea0e51ba5f4f20b847c,อุทกภัย,632.jpg
633,530ff3aafb50abd7cd77f6a7c85d9d0f20c025c5,อุทกภัย,633.jpg
634,ebb595f620f394c4da40b4cff24b6cbb1f7a4757,อุทกภัย,634.jpg
635,de6611052931932038566211a8ee68b3561954a0,อัคคีภัย,635.jpg
636,d663f291f45a8a17f8dd9b98cad63a20812cb17a,ภัยอื่นๆ,636.jpg
637,786df08f03b98fa8c8562c4ab4d791aa42671f5b,อัคคีภัย,637.jpg
638,fe234a406ebcc96824facf70614971fd3393694f,อัคคีภัย,638.jpg
639,5366526196a4c264155bab91891f4830cf14637d,อัคคีภัย,639.jpg
640,562608542f8bf9d0f0308b8e2990d0218ab01d36,ภัยอื่นๆ,640.jpg
641,2b11e67b2214eb6f48f28ef284329adbc3e34ff4,ภัยอื่นๆ,641.jpg
642,b4dd4d19ad6ce8cd0481a6861da3f63e8c901ece,ภัยอื่นๆ,642.jpg
643,73f715a3a70e437d21180ad28b03da478e21803f,อัคคีภัย,643.jpg
644,42a77943bac11fd48ed6ae70b83b98bbc1d52f99,อัคคีภัย,644.jpg
645,643410e3c9f5522c34a69ba06fd7dcde5dead50a,อัคคีภัย,645.jpg
646,652284a31c04983e5f51810c3f72f707fb75117f,ภัยทางถนน,646.jpg
647,bf3289cd0744bcb05bb049e1c5e1dba5398cf261,อุทกภัย,647.jpg
648,afacdbaac3549a6bf1a69744339a50b61bea9cec,อุทกภัย,648.jpg
649,b033714506a73c89fdd5cce4f8cf84733b6aa86d,อุทกภัย,649.jpg
650,d7f53e18d5d3450b1134c851a780e37b596072c9,อุทกภัย,650.jpg
651,047f02c2946b5904840e450271ca50680ec60825,อุทกภัย,651.jpg
652,e7983f4c68b19e5743761d999fe47c8219c56a19,ภัยอื่นๆ,652.jpg
653,6e083dc802ec73ae19676296b29061585b7dd505,อุทกภัย,653.jpg
654,ebd4d2df553018bf554b39b5de17c62b9a57dc01,อุทกภัย,654.jpg
655,b88047907fb506ba5b8a07a11e67d48abc0b2ce6,อุทกภัย,655.jpg
656,abf90fa44946f3bf00ef825b9a418120c09655cb,อุทกภัย,656.jpg
657,74d27225dec162a045468089745bc0c5f3539067,อุทกภัย,657.jpg
658,209ae024c7053609bac39d3fb5e77243301489f4,อุทกภัย,658.jpg
659,08f5c74929dee827bb84bf198ea086acf6a1b89e,อุทกภัย,659.jpg
660,2bac836953d98fac8625152ac459fb348138ec21,อุทกภัย,660.jpg
661,fe1140370f7629b656fd3b32eae59cd3ef46a71f,อุทกภัย,661.jpg
662,5f6a5883b9d605a8b27c8603cf34f8cbfe86f0a3,อุทกภัย,662.jpg
663,ccd307fa2b9739928cb24aa69478a6205a4d5b7e,อุทกภัย,663.jpg
664,c75369c4ef547b6496480245ad80e8d3daad7a8f,อุทกภัย,664.jpg
665,8fb01acd31edf38990a19388a13f8e12e1af16cf,อุทกภัย,665.jpg
666,4ce2969189b5ff85bebeaf8ecd93c710ec21f1fa,อุทกภัย,666.jpg
667,b9ad8376841b0155ae67da4bf78b3e12ca4b6266,ภัยอื่นๆ,667.jpg
668,462698af4096cabeec057ec7d7b31738e7c24da9,อุทกภัย,668.jpg
669,2cb90d24c25e06e799d0047b936a6eab2c8660f2,อุทกภัย,669.jpg
670,4066f96fa06bce402afbbcdc62a4a5d0126bca12,อุทกภัย,670.jpg
671,9aeaba465e1ff9e9dc4d74b345cfbe53a56eb6c0,อุทกภัย,671.jpg
672,41a7f4930da137c39e25917e848a439030f5f87c,ภัยทางถนน,672.jpg
673,261f667c59d4a1be2ac19ccdb761713882f7c3b7,อุทกภัย,673.jpg
674,7cb6ecc18557b830a7c6b804164c872057ff9a78,อุทกภัย,674.jpg
675,a3bb730e06b99d0035046424df83c9affbc6fa7e,อุทกภัย,675.jpg
676,0660f5126717e159d9ba84d401297939de9fa8d2,อุทกภัย,676.jpg
677,b4ed392485e0a68665e3ea1298e413a98367e08b,อุทกภัย,677.jpg
678,fc2b32c2bfc74d27bd908e1e3c06800ff49f6cdb,อุทกภัย,678.jpg
679,d97ff829f6263dfd52a9a9333d9e4d9fb2184b5a,อุทกภัย,679.jpg
680,f496c870dc99650dd835b47cc2e65501c03a732e,อุทกภัย,680.jpg
681,6058737247cf3c1d51b3a5ea7de0a3ff18d2c592,อุทกภัย,681.jpg
682,daf9ee331e0d355b6f555780c3ddd5c6d81262e8,อุทกภัย,682.jpg
683,58429b483bbe71d49437083467af8071441597b9,อุทกภัย,683.jpg
684,0eb69528f98a3e382a65d397833d97c0527ff10d,อุทกภัย,684.jpg
685,51fa65489a5408850a4a06a68985301652b1894a,อุทกภัย,685.jpg
686,f53732fda7bad9f502898492535c59f0386480df,อุทกภัย,686.jpg
687,68449195e4b0231e13cbf2ce13fffb956a5d45f9,อุทกภัย,687.jpg
688,75941707c01bed5dd94fe98d551127d87ffe0735,อุทกภัย,688.jpg
689,78312361551bd6240ad3f78699e3f27d99f6245f,อุทกภัย,689.jpg
690,f39fabb869cfd9697c163ae458a74c19d5511421,ดินถล่ม/โคลนถล่ม,690.jpg
691,2b4a28cf93e71d21b4348c48396b966f30e8f425,อุทกภัย,691.jpg
692,25da03836369b7a0920f6e9c4ba6f16b958d0866,อุทกภัย,692.jpg
693,01dc48634b7ef8b01bf663a09e912922fabe1f9f,อุทกภัย,693.jpg
694,5cabf477248fadd390507ee8ce21723a7bbffaac,ภัยอื่นๆ,694.jpg
695,57236551f9fb4e157c97bc7cea80643f39a82379,อุทกภัย,695.jpg
696,236c173116c36d033f6fcbf740f6bf2f91e88420,อุทกภัย,696.jpg
697,141f603d606637e68a78508628a5c1fa4da056f7,อุทกภัย,697.jpg
698,40212d650feadb26edd3b04269aaddf9c9bee35a,อุทกภัย,698.jpg
699,c3f316a6a2878cf789f1fbd1ddaf0f1600bce4cb,อุทกภัย,699.jpg
700,db027058cb5f31134ad2b9e5c3c44bc3ab48841e,อุทกภัย,700.jpg
701,cee10f43b1771c7797ff84afe317b6d42ee76993,ภัยทางถนน,701.jpg
702,d0e2e9c41cf145437b96d88599f849d0c8abba21,วาตภัย,702.jpg
703,d1b6e488eba95e931a8fb8162b809c2c4820520e,ภัยทางถนน,703.jpg
704,6cdf84664f60f78cb01f58c24b78111a998798c4,วาตภัย,704.jpg
705,79459bfe21828b6093e674fc48bdf931c80b59d6,อุทกภัย,705.jpg
706,6bc34c896ca2a4ca1259af0a05c17f5ca246ea77,ภัยทางถนน,706.jpg
707,ce40ae722c6f236f87393ee941f7b587f4d4274f,อุทกภัย,707.jpg
708,441ddc6661c5e1a0f1cf723bb88a1a8476f0046d,อุทกภัย,708.jpg
709,0b19313330a0676407b97b36bed21d183f495896,อุทกภัย,709.jpg
710,f1baec65c87de35da5f9e0eebca99c2cb618e52b,อุทกภัย,710.jpg
711,6ab4dd7a457da9aae08491e407ba608350aaadba,ภัยอื่นๆ,711.jpg
712,96207f31acfbe4e0463087110aceb5937477c409,อุทกภัย,712.jpg
713,25c0365fadba0407423121f2eebb6d5b0241a527,อุทกภัย,713.jpg
714,446362febb2e52bf5b489fc4f6dc3730810f2f61,อุทกภัย,714.jpg
715,bdbead3a9dbf943295a23fa788ed82336013b28f,อุทกภัย,715.jpg
716,c0f38683f4d339a583d8e53e541e5e47f32b4315,อุทกภัย,716.jpg
717,954e494054a9509d398348ffc0ad62b003ed8ba2,ภัยจากการคมนาคมขนส่ง,717.jpg
718,450079815ad0e21ef44b716c1807240d1a71b2b1,อุทกภัย,718.jpg
719,ec4fae148f9eca059352d6bd7b9261d04560fdfe,อุทกภัย,719.jpg
720,5b351cd44b7bd41db05e26780904582dc5937173,อุทกภัย,720.jpg
721,6331c4658fe54bb1834849d2b8be00deaabd1809,ภัยจากการก่อความไม่สงบ,721.jpg
722,5e1170d85e8de9865a67679015bff065208168fd,อุทกภัย,722.jpg
723,b7c773198d7c2cb13505dfba8eed069933f09477,อุทกภัย,723.jpg
724,dda827eda2c342abd1e30914ebb2e4b6b05ec7f5,วัตถุอันตราย,724.jpg
725,5e37a3ad84adf45e91528f227238c83f40ab19f7,อุทกภัย,725.jpg
726,cc92eefb6d1e10f51aa0c075d2c0869d59cf6c91,อุทกภัย,726.jpg
727,d7f58703f4f3c0bea4afab2f8336d8a008bd290e,อุทกภัย,727.jpg
728,c6d88ca66e2d7acd470782bd2929376522e53531,อุทกภัย,728.jpg
729,3a9fd59e3fadaf550038ed58da0c39d98d4a1d22,อุทกภัย,729.jpg
730,28738f62904b7f36e770065769de01189eb5776c,อุทกภัย,730.jpg
731,62634d03829e93e7ae53545ff3841ac2f4cfce0a,อุทกภัย,731.jpg
732,0158e10d91824e5cffa85d0276ad1a28022cbd5b,อุทกภัย,732.jpg
733,ce4a14da5d8f6a3cd576e7f67fc34b033836ffd9,ภัยอื่นๆ,733.jpg
734,816e1bc55e0c490e1fe96d3e1cb5b2140a9139b1,อุทกภัย,734.jpg
735,0a41f1fb8601c275fd42698b0d08944602a67877,อุทกภัย,735.jpg
736,6aefc7579f6ef7778901e535d85f45fdfbabfc67,อุทกภัย,736.jpg
737,5b6c5501df24993a528cb4b3f01d32e028ae142f,อุทกภัย,737.jpg
738,727c55429640da546fe146ab230ee499b06f44db,อุทกภัย,738.jpg
739,9c2c50a40decc32456ee39333634ff5339e7e0b5,อุทกภัย,739.jpg
740,a73d291c604098b856171c967ac7f0485d6ecdb7,อุทกภัย,740.jpg
741,acad7792aebaa950535b0de4b0a640c68f8c0eda,ภัยอื่นๆ,741.jpg
742,7a5b970f231d69cb0949d831ea2d478c3ce698a1,อุทกภัย,742.jpg
743,1ac3ebc62a922254312044085756a527e63557fc,อุทกภัย,743.jpg
744,7287d49e7bad4fb5130db85b39e8bcf89b3de69d,อุทกภัย,744.jpg
745,c6efd7bd36fbfb042156932a1c953380212663de,อุทกภัย,745.jpg
746,544956a0757b350d06c8b05fa58ba19f19165433,อุทกภัย,746.jpg
747,5053661b745b5cd1a3523e8b6be150152eb0c622,อุทกภัย,747.jpg
748,eb9190c061e23fbc08fc3e81f195b00a399fb121,อุทกภัย,748.jpg
749,200531b42e19a1ef7e656105b7df065dd6bf20b4,อุทกภัย,749.jpg
750,8623106364d0ecc901f0b135251698d54866a6a6,อุทกภัย,750.jpg
751,34c7415a78e8999bf96cae5b46adf6c9bdf124c7,อุทกภัย,751.jpg
752,675585200c21130935580756da32ec7a7d4ab760,อุทกภัย,752.jpg
753,a0f191e5c2e0f7f5a827a274fe5f184173b02a46,อุทกภัย,753.jpg
754,f8e53522ee77c0abc3764e81bfb6eba83e45a0c2,อุทกภัย,754.jpg
755,41da980fa7fe4afad56db008a5897952163ffe8a,อุทกภัย,755.jpg
756,7540e2e0fb86aa4ba00886f645c2f92c1ac86ccb,อุทกภัย,756.jpg
757,0429c8c689401b440d9e79f4b66c1861cb325162,อุทกภัย,757.jpg
758,f91f31237518f76dada1059520a012b59572a708,อุทกภัย,758.jpg
759,f7e2aa7152507ee8fc34ecb6040b9f7f913039e2,ภัยอื่นๆ,759.jpg
760,6270b9feb1d693a0e30d177fabd1dd5040e162e1,อุทกภัย,760.jpg
761,2d56d7e3e342a53330894762fd63278c2a4fe222,อุทกภัย,761.jpg
762,e609bb57028592699d53559681b4e1563e83082c,อุทกภัย,762.jpg
763,f1c5c71bcbe37e810700b221f785c69383d918b4,อุทกภัย,763.jpg
764,923a4cc6e5cb8ea38b91977980d405573a0af5bc,อุทกภัย,764.jpg
765,d2e13b9522f368af669bb604fc75546425d8db52,อุทกภัย,765.jpg
766,0d58f0697d38b86de8404e4fa80f1779116ae687,อุทกภัย,766.jpg
767,74187da3ce8682f20e354406b0168ef913eb6e60,อุทกภัย,767.jpg
768,316d6a2fcfdfef7467e2b0aa1e512b78199f38fb,อุทกภัย,768.jpg
769,a4bd9a10cb04d8efb07ab83d2a1ff7821cac1117,อุทกภัย,769.jpg
770,3019f111d3c05a13c1793cab85c53fc466935ddd,อุทกภัย,770.jpg
771,eba9d701ab0227de9ba20154615c1c73341d7b67,อุทกภัย,771.jpg
772,4f306f9fcaa2abd933c0092c1b834e79a12b28e0,อุทกภัย,772.jpg
773,55eff0f00672d523f467ac5834c8f9c7c0fd49c4,อุทกภัย,773.jpg
774,d63a75c229ea92c8c3f742b92645ff07a7ccd1e5,อุทกภัย,774.jpg
775,1e5a8029b1985734eb1e0127d51593813bd505a0,อุทกภัย,775.jpg
776,b2cde853f1c09dd88961fb3c438a3c9e806902ae,อุทกภัย,776.jpg
777,d54ff6a376b4907a155dee7297a0f0418b683c37,อุทกภัย,777.jpg
778,a94c2edb7e2134193a3e0624269c1bedfa127013,ดินถล่ม/โคลนถล่ม,778.jpg
779,4bda8899c1d8037c003b9447e1bea4504e4560f6,อุทกภัย,779.jpg
780,3af325b0fd7a1e9bbfb01c0c9cd08f5ebc795d90,อุทกภัย,780.jpg
781,d76364b6f3dd257e3affcbeceba12cb1e56ac639,อุทกภัย,781.jpg
782,4986a69f97e0242c499e0679edd35d10a87a2299,อุทกภัย,782.jpg
783,2824d2e31ced6c4677c1cc2394bfc5daa94f4406,อุทกภัย,783.jpg
784,2a71bf5f5163611b0d0456546c7c796959ca2001,ภัยอื่นๆ,784.jpg
785,672a086cc70c7903b45cf732ce6f5a5f8e59ed41,วาตภัย,785.jpg
786,349eb4544c6d754cdf405e788310eedefafc002e,อุทกภัย,786.jpg
787,2cf4ef176d0bb9c86e7c1a7325ccbc4193b5a670,อุทกภัย,787.jpg
788,48ab0719758c2d5047304f51f695960edd3ebcb6,ภัยอื่นๆ,788.jpg
789,df841f60a85199ccfd10e1146a693eaf79c9921e,อุทกภัย,789.jpg
790,23bcbb845de454852ba9a1f55317841741427ab8,ภัยอื่นๆ,790.jpg
791,6d611fe8c4364289ec6a69c3b231395151decf90,อุทกภัย,791.jpg
792,e04f8d1dcdcbe067e02dbf6e9ffc8a89afedf271,อุทกภัย,792.jpg
793,b0b2e9fd1eda809a025e353e7b66c0ac72381275,อุทกภัย,793.jpg
794,83131c80d3eb3f0f614a74b215b3edc0d1eaf482,อุทกภัย,794.jpg
795,55910059e8d9f43a2ae85d81c32ecca0ba7f99cc,อุทกภัย,795.jpg
796,7fcb14d3924f6837cff3462a49b8d30962e38a4a,อุทกภัย,796.jpg
797,6cbd038401ff962b463aefae899b7b894810236c,อุทกภัย,797.jpg
798,6b834da7c648797e90065d95296b3de5d8dd9202,อุทกภัย,798.jpg
799,be22b0e4268a556afb6a138132a1d74502b658f9,อุทกภัย,799.jpg
800,d549d8ec415269a6e2fe67b06d732c43b25d5838,อุทกภัย,800.jpg
801,e48f9148cc979a0888073c4eaf9d3a984a4704ca,อุทกภัย,801.jpg
802,352c9cca1d84848aba7f5227575eefd828328d07,อุทกภัย,802.jpg
803,81264c14df2a04296598e5091672efff9433de6c,อุทกภัย,803.jpg
804,8b758664df71a18281958a9c23b717cc9754fc11,อุทกภัย,804.jpg
805,33f915a048bbf7c02f0c024eae1ad99d750da881,อุทกภัย,805.jpg
806,7fddd324bf111819efa30aaea6d14e3ab8a065aa,อุทกภัย,806.jpg
807,0d4aa7c1f73edfc99445c2dcd26fab1a32dd46ba,ภัยอื่นๆ,807.jpg
808,ddf0864802ebc03134ed1df225919c472eb40c8f,ภัยอื่นๆ,808.jpg
809,dd531f5d937b0bbb9fd3991f8ae90eb497207b48,อุทกภัย,809.jpg
810,55d29c9336c6e38929e10d6bc315005b5f925f46,อุทกภัย,810.jpg
811,e7ccda632fcd7bffbda19a9833c4703b443200f2,อุทกภัย,811.jpg
812,e1df83ef965aba1984082028b69d72d84ecb9469,อุทกภัย,812.jpg
813,3727a3858ca47f8dca87a3e8584775d8666a2874,อุทกภัย,813.jpg
814,3856342f0dadfa1b7a6722193b95cc35831fb959,อุทกภัย,814.jpg
815,ace14a096b3b36f7923db26b334d9b53cf35ea6b,อุทกภัย,815.jpg
816,df6cf8455093c1930e60e6e422456e68541cf9a9,อุทกภัย,816.jpg
817,9fa0c3cdf59a8b64cfe3255eea34efca4afc65cd,อุทกภัย,817.jpg
818,a1e1f2ce9d0dd35953b4887be271e2b0f4209125,อุทกภัย,818.jpg
819,893aa44e46862f68c7248b09417385b0575f407c,อุทกภัย,819.jpg
820,135dc12e6cc792a61d7de450abb83c9759488cf2,อุทกภัย,820.jpg
821,c1e43959e95df006e97a17facc94476be4ea4b65,อุทกภัย,821.jpg
822,b90ed74f3d549a0e64ddef1099429e334feaa4bc,อุทกภัย,822.jpg
823,3c9153cfbcb56981056526e52be29d6d189c498d,อุทกภัย,823.jpg
824,2bf1aabb5a91cfbf262f65a566fda29c58b917d0,ภัยแล้ง,824.jpg
825,e3e0337b173da7c87fd5767e46031931ea74ca28,ภัยทางถนน,825.jpg
826,069e2587d5f61cbac67e4c0262f7d72ee2621a3c,ภัยทางถนน,826.jpg
827,242654fc45e4a2f0575c81ee273f3a49ca69031d,ภัยอื่นๆ,827.jpg
828,f935143fdfe70ce3abdb77586762a91e611eb4dd,อุทกภัย,828.jpg
829,634922c517e6ee990a19c4be6b996f75abb92bf1,อุทกภัย,829.jpg
830,eeacc707a84791d7b58df336bb60fcf16a54b0f5,อุทกภัย,830.jpg
831,89951ab41c25ba5b5550fb7a468ab14467d06b01,อุทกภัย,831.jpg
832,f931a7686336015cc4daa0034a129aeba7b17cca,อุทกภัย,832.jpg
833,17051976be59580b550c0297653847ee29d45c63,อุทกภัย,833.jpg
834,5ee51c8fb902498e12f33b986dda25ebabbc0eda,อุทกภัย,834.jpg
835,e3c6bed787d2c771bf3983eb30a38c1207f27703,อุทกภัย,835.jpg
836,0e42e67e5683ebb3e8bb3a01314fd762693d26ef,อุทกภัย,836.jpg
837,5d28929442da0e8b1e91cbcd9011914fb4bb6071,อุทกภัย,837.jpg
838,e8d52114adaf67556a9032f7af85b2c73708ac19,อุทกภัย,838.jpg
839,bef035bd6798273d7b407ead36b8b3082f8edf4d,อุทกภัย,839.jpg
840,29d91949dd855820641d33e167eb0f771b1595ee,อุทกภัย,840.jpg
841,44ecf54f32e64febec1d407a0b92cb8c68379645,อุทกภัย,841.jpg
842,40d714e432878c059c09722024a573a792ed26d5,อุทกภัย,842.jpg
843,2160c59e1ad8a2c15c079f1974e9691b6b1bb6cd,ภัยอื่นๆ,843.jpg
844,dd7b62d714065d2107fcd79ebb877e86f394bcd1,อุทกภัย,844.jpg
845,ca850c74b3e7ecc9ed96a1fe3319eff48e293748,ภัยหนาว,845.jpg
846,a064ef9d4100ad2fad6e149b5d287af94a1b9597,อุทกภัย,846.jpg
847,f31c2e94d4132c5b9346275c70a80bb79a3e5ba9,อุทกภัย,847.jpg
848,9c97201dbbed320113bb2adc2d0670bba756b48c,อุทกภัย,848.jpg
849,b54a61f7609928d26da9378d8804d97611884a55,อุทกภัย,849.jpg
850,9f9e2a490ecc9226dfd03670ef3bfd71401e6fdc,อุทกภัย,850.jpg
851,c6dbcb4289707917bb8e9c5aaec5c988752ea2a6,อุทกภัย,851.jpg
852,bbf68ceb920b97f68f665f7431362f41f0ae6230,อุทกภัย,852.jpg
853,a3d4779fee1f46a86c242864ab44e628496a1bf9,อุทกภัย,853.jpg
854,030d1dd6a20ddfa02fed61908ef5a48a3cd8ef93,อุทกภัย,854.jpg
855,9ed2f02577a05a8c6aa03095d707e4fa9b386bbb,อุทกภัย,855.jpg
856,d5b243046d4cf9a7931eb9bbc187bd6a170b12d6,อุทกภัย,856.jpg
857,f0392dc189a550d53fb01e87d9be9587d1d80417,อุทกภัย,857.jpg
858,11a8251cda80c0690e20623383548ae242c48786,ดินถล่ม/โคลนถล่ม,858.jpg
859,2ca5cbd98b635d8a19a2354076ed0c69431d4492,อุทกภัย,859.jpg
860,869b2f7b772ba44b37e3aa3e57a398d42ff858cc,ดินถล่ม/โคลนถล่ม,860.jpg
861,d88da035eb62beff377ce5697d52fe2fe3d91121,อุทกภัย,861.jpg
862,2cd650d6a21e9bae615a36a1048e2463786cd8fd,อุทกภัย,862.jpg
863,abc3e7053fe60527e05b290d01158bfc2edd9f8f,ภัยทางถนน,863.jpg
864,52302a60029783461c420d93fa1934f1d3dacd75,วาตภัย,864.jpg
865,03fbe4172edec4a70153c0043c2ef47af92b61f2,อุทกภัย,865.jpg
866,57fd6994449f765ff8b362c0cb2d7a44b1e4a6a4,อุทกภัย,866.jpg
867,588354b56ebd74a40fd898dd401cac7becfdb7a6,อุทกภัย,867.jpg
868,ec44c2a36fa1402c15890fb50e62620116069ff8,อุทกภัย,868.jpg
869,10e092f8dd64baeea33c2ecd108515489236db25,ภัยจากการคมนาคมขนส่ง,869.jpg
870,f1b3b3f3808d305aab747a3abd639a6131baf28b,อุทกภัย,870.jpg
871,48a6015eaa6c1b278fa37f56484c7167a45f8679,อุทกภัย,871.jpg
872,cac78ee55d838335fafab827c1c6af7a95ad1af8,ภัยทางถนน,872.jpg
873,f1ffa47dd8d4c5804b708e2a7e4f27c674b77731,อุทกภัย,873.jpg
874,28515111dfb279535f593537dccc11df0dfc1aa2,อุทกภัย,874.jpg
875,de288909129930a36f8d9500767bafbd46ae604e,อุทกภัย,875.jpg
876,73a91efb3dc39021117d90a1385ad163b45af22f,อุทกภัย,876.jpg
877,f610e12389c7e7ac9c5fa25b6c14371bce7f1b1f,อุทกภัย,877.jpg
878,06fef85d969908b2675e2c4a93652676fe548d13,อุทกภัย,878.jpg
879,29d56cbfe21813ded21517b78a0f67328497e87a,อุทกภัย,879.jpg
880,81c18b5419df075b49420a69ece6bc74ab014d7f,อุทกภัย,880.jpg
881,b989d080894abbca087c9769aac6517667c96710,อุทกภัย,881.jpg
882,b0ec945b9ba2e63c37c768be6424d79615eacaf6,วาตภัย,882.jpg
883,247f5d9f9afd4e0312b9adc6fb88e6bfae21e9c5,อุทกภัย,883.jpg
884,0d46660ef97e8c929913b83d65f61c604c436b37,อุทกภัย,884.jpg
885,87e08644e408df003dd1d21dce4d4d11530262d9,อุทกภัย,885.jpg
886,5a254d01c3f0339005b27a5e17be5cdea27519a8,ภัยทางถนน,886.jpg
887,ee5e5bccd2e7b81d5c48c3590ff34bf3f79a53bd,อุทกภัย,887.jpg
888,2c924101aa70bfb76460da0ab7bf73542ff4125a,ภัยอื่นๆ,888.jpg
889,5068a2c1cf85b7f3dfd1bccb3b546e26a03bda38,อุทกภัย,889.jpg
890,d712296078b369d1e682e31c0ade214d582f0f45,วาตภัย,890.jpg
891,751f28edbb3f1a8574b2dabf4792ef201c741e18,อัคคีภัย,891.jpg
892,3313628561c07e3e5b762cc831df959faa294a57,ภัยจากการคมนาคมขนส่ง,892.jpg
893,ac744f25891c64b5d7c13fccc21e42ff6bfc2f24,ภัยจากการก่อความไม่สงบ,893.jpg
894,39e5bc90dc7363e105bdd0cade7d4ed65378f85a,อุทกภัย,894.jpg
895,61417360ff6e9e93f4dac64a07cb96cfc957f7df,อุทกภัย,895.jpg
896,0eb9ce270d41fef44ee5a1d516cf211616a2750b,อุทกภัย,896.jpg
897,f8ada1ab14794eb0c432958dbce798ee5ef87285,ภัยทางถนน,897.jpg
898,52f9a1f9619490f1398211b08cddf7107689cbf3,อุทกภัย,898.jpg
899,21cc470bc8c91b0ce16ce3e8fdb9e4ace58cf379,ภัยอื่นๆ,899.jpg
900,bcfb4fdc0bb08005ba63eec256bea089660a3821,ภัยทางถนน,900.jpg
901,1a3943cac245bd5152355c081f0e24156ce0b620,ภัยอื่นๆ,901.jpg
902,6d327e99cf76caf57af6b5646e68cb7e83ec3a55,อุทกภัย,902.jpg
903,ff8435e83227ad9bb95d31b001e7f637679c53ed,ภัยทางถนน,903.jpg
904,da73e3c3775599a4709786c991fd1570ad891c10,ภัยจากการคมนาคมขนส่ง,904.jpg
905,8fabd531a0a251956945d3b6a7e2e0e0d466e48d,ภัยทางถนน,905.jpg
906,1e58daeb7836360ae837bddd8fd25032e9032133,อุทกภัย,906.jpg
907,462ed0f0def545bb068a6be57d37866db7f83f1d,อุทกภัย,907.jpg
908,9cfc569bca50fe082bfb9dfe15209d7780134af4,ภัยจากการคมนาคมขนส่ง,908.jpg
909,efc2285ab5a13ee876841ea9a6bfa5906388d321,วาตภัย,909.jpg
910,9ef8d888b054596db2eb77be492008a57b377914,ภัยจากการคมนาคมขนส่ง,910.jpg
911,95f017d893d774e8bb234dba83fe05825bec2dfc,ภัยจากการคมนาคมขนส่ง,911.jpg
912,01f65cf20e408545fb3f11fa3f2707f282005710,อุทกภัย,912.jpg
913,d8d8f18ee5f2ace9af1214fdd4054f73fe9141f8,อุทกภัย,913.jpg
914,8d0ab81989ced8a7f985abec50a380a9308e3c8c,อุทกภัย,914.jpg
915,447ac0f8df2440a49941042b9c21425c866fd70f,ภัยจากการคมนาคมขนส่ง,915.jpg
916,5b9a4c3f24dd135667a47cc95f14f8aaf0c45565,วาตภัย,916.jpg
917,6a3d48c01eb5c2fcc9f92a4d874225415969900c,ภัยอื่นๆ,917.jpg
918,3b15d52c591f9605ffb0090bc3eb5061e9151d8e,วาตภัย,918.jpg
919,093688527e7fcf4ce13cd470eaa1e1748a086ed8,อุทกภัย,919.jpg
920,962e9a53903aa455958fe39c127d28207a41f3c5,ภัยทางถนน,920.jpg
921,e07d18f1fdee7a287e352e607ce4d8cc5d31276e,ภัยอื่นๆ,921.jpg
922,6646ebd526ee2490aaf0d52a9ddff1da004452df,ภัยทางถนน,922.jpg
923,63b93baa7c4c5c048a2174fb1562da6eb7308a24,อุทกภัย,923.jpg
924,b26a7426e1552ea8c46b85a2e5d72f531de8fc03,อุทกภัย,924.jpg
925,018a659ea82c3bd57f497fe22dbf357a0e99ddbe,อุทกภัย,925.jpg
926,fd924a680f3f1592e8e09c0034e9efd09b06a522,อุทกภัย,926.jpg
927,232e39c30845368093931da76df23798670eec0a,วาตภัย,927.jpg
928,62b7bc0676bf6a7716cc739b706cdcab249fdbea,อุทกภัย,928.jpg
929,35448d1a26fd8e3b3088e09bd33cc32e17cc7219,อุทกภัย,929.jpg
930,fe80b568dd54a890a390f6f970bc52f108821df9,อุทกภัย,930.jpg
931,ef3c5efab2ac610dc5d77a438f39fce506d8e61e,ภัยอื่นๆ,931.jpg
932,40f28c00a2c361a2171ec6d2a7814dc5d4665348,อุทกภัย,932.jpg
933,2298bb2169af506fdef17d02b937729fdc821752,อุทกภัย,933.jpg
934,73b58dcbc7788fb73f698f126864c7a9d3009592,อุทกภัย,934.jpg
935,5dec28bb66a7ccedbc8f3fe4362a53b459dd0d46,อุทกภัย,935.jpg
936,194ed9ffe01cfbfcbcdb50fe950a96c8146cb94a,อุทกภัย,936.jpg
937,63faf53a6b819feb90385dcc9e2acc24efa7ebf9,ภัยทางถนน,937.jpg
938,7d6e04406898747d7c83814a2cd743aa5b2110ea,อุทกภัย,938.jpg
939,504adae8e28960c9e45788c675a59469f04c3d42,ภัยทางถนน,939.jpg
940,db5ccc33e6a407caefcc7674cd82409a98207a09,อุทกภัย,940.jpg
941,db725591069abc7655275e500d7e2dab7685081d,อุทกภัย,941.jpg
942,c1dfe4a14176f5dd64204b63f50ab90a3f63cd68,อุทกภัย,942.jpg
943,d4ddca3481f1b7fc28f61bf687f91e228fb07b9d,อุทกภัย,943.jpg
944,24a84439f7e52b137bb3257bed873d668ce25f5e,อุทกภัย,944.jpg
945,7fabaacf15e53f75aa5cea11532a86cf0008635c,อุทกภัย,945.jpg
946,9809482e2f8f6fe3b1df1452b4c1258a9a59437e,ดินถล่ม/โคลนถล่ม,946.jpg
947,ed54ad3e01fca8a82edfea2f4fd094d50c10ad02,อุทกภัย,947.jpg
948,5857296e62e09a33677de12101acaecb9fdf3c33,อุทกภัย,948.jpg
949,ba10678152f8f7e54fe3031b33683a5b9a0877a8,ภัยอื่นๆ,949.jpg
950,2f20671b896f1a2ef948a7171ff603e4b2f861da,ภัยทางถนน,950.jpg
951,20ec5121fed6aa0ea7c630696bfad04d1f9277cd,อุทกภัย,951.jpg
952,5848cfa26e65e08c0be98812590495d5c3594ad4,อุทกภัย,952.jpg
953,9ca1eabc35e244eec6b4d3d33ca7cc2bdf87e3bc,ภัยทางถนน,953.jpg
954,8e33749435b9162bfd7dc963c6e51c307481416e,ภัยทางถนน,954.jpg
955,ab299097ea3e6ce053d3066ddf5c524ca20b720c,อุทกภัย,955.jpg
956,f4a4ed653d425a9b768e72f8f08dd52740e8d70e,อุทกภัย,956.jpg
957,d42574fe633d04858b255a82509811c7fd6ce163,อัคคีภัย,957.jpg
958,49439c1549bc757e0bcc8b7952a5e6ab9c8fbe02,อุทกภัย,958.jpg
959,76ad96860ff899bf8e959061b3a29250a0057a51,อุทกภัย,959.jpg
960,2e178419e7fe51acdd3cbf4eae8822e469ab4052,อุทกภัย,960.jpg
961,d566267a022e12f86377d006265f1c8045714a6b,อุทกภัย,961.jpg
962,7bbeea278ba985175c611050d80a6a35c53a3be9,ภัยจากการคมนาคมขนส่ง,962.jpg
963,9a6e1c37494a15a9e7930b7468b7b89616d5c8a7,ภัยอื่นๆ,963.jpg
964,220e7dc0cf33e0bf708da99366198ab93cddd015,ภัยทางถนน,964.jpg
